县 A 编号,县 B 编号,陆路距离,陆路通行类型,水路 A→B 距离,水路 B→A 距离
EZ000001,EZG09981003,109.344,能走车,,
EZ000001,EZG09981004,80.508,能走车,,
EZ000001,EZG09981005,111.637,能走车,,
EZ000001,EZG09991002,96.288,能走车,83.328,83.328
EZ000001,EZG09991005,116.322,能走车,,
EZ000001,EZG10001003,87.016,能走车,,
EZ000001,EZG10001004,39.134,能走车,,
EZ000001,EZG10001005,77.093,能走车,99.573,99.573
EZ000002,EZG09970991,85.963,不能走车,,
EZ000002,EZG09970992,69.772,不能走车,,
EZ000002,EZG09980991,88.446,能走车,,
EZ000002,EZG09980993,63.947,能走车,,
EZ000002,EZG09990991,87.488,能走车,,
EZ000002,EZG09990992,76.471,能走车,,
EZ000003,EZG10111009,54.339,能走车,,
EZ000003,EZG10111010,72.121,能走车,,
EZ000003,EZG10121009,46.208,能走车,,
EZ000003,EZG10121011,82.531,能走车,,
EZ000003,EZG10131009,78.838,不能走车,,
EZ000003,EZG10131010,101.731,不能走车,,
EZ000004,EZG10011002,61.267,不能走车,,
EZ000004,EZG10011003,85.909,不能走车,,
EZ000004,EZG10021002,68.358,不能走车,,
EZ000004,EZG10021004,108.848,不能走车,,
EZ000004,EZG10031002,91.163,不能走车,,
EZ000004,EZG10031003,109.445,不能走车,,
EZ000005,EZG10041013,63.469,能走车,,
EZ000005,EZG10041014,84.345,能走车,,
EZ000005,EZG10051012,54.387,能走车,,
EZ000005,EZG10051014,96.983,能走车,,
EZ000005,EZG10061013,68.79,能走车,,
EZ000005,EZG10061014,88.852,能走车,,
EZ000006,EZG10011010,70.207,能走车,,
EZ000006,EZG10011011,49.585,能走车,,
EZ000006,EZG10021010,84.027,能走车,,
EZ000006,EZG10021012,45.69,能走车,,
EZ000006,EZG10031010,78.983,能走车,,
EZ000006,EZG10031011,61.833,能走车,,
EZ000007,EZ000012,56.926,能走车,,
EZ000007,EZG09981009,48.33,能走车,,
EZ000007,EZG09981010,68.402,能走车,,
EZ000007,EZG09991008,46.422,能走车,,
EZ000007,EZG09991010,83.586,能走车,,
EZ000007,EZG10001010,80.04,能走车,,
EZ000008,EZG10011006,37.991,能走车,33.041,33.041
EZ000008,EZG10011007,56.877,能走车,,
EZ000008,EZG10021006,55.994,能走车,,
EZ000008,EZG10021008,80.73,能走车,,
EZ000008,EZG10031006,76.999,能走车,,
EZ000008,EZG10031007,87.585,能走车,73.586,73.586
EZ000009,EZG09961008,67.35,能走车,,
EZ000009,EZG09961009,89.26,能走车,,
EZ000009,EZG09971007,39.62,能走车,,
EZ000009,EZG09971009,92.297,能走车,,
EZ000009,EZG09981008,41.321,能走车,,
EZ000009,EZG09981009,72.07,能走车,,
EZ000010,EZG09951006,81.693,能走车,,
EZ000010,EZG09951007,74.785,能走车,,
EZ000010,EZG09961006,70.598,能走车,,
EZ000010,EZG09961008,58.397,能走车,,
EZ000010,EZG09971006,62.87,能走车,,
EZ000010,EZG09971007,56.271,能走车,,
EZ000011,EZG09981007,81.592,能走车,,
EZ000011,EZG09981008,63.071,能走车,,
EZ000011,EZG09991008,44.747,能走车,,
EZ000011,EZG10001007,69.974,能走车,,
EZ000011,EZG10001008,47.655,能走车,,
EZ000012,EZG09991008,60.986,能走车,,
EZ000012,EZG10001008,69.809,能走车,,
EZ000012,EZG10001010,59.916,能走车,,
EZ000012,EZG10011008,70.253,能走车,,
EZ000012,EZG10011009,65.878,能走车,,
EZ000013,EZ000014,51.299,能走车,,
EZ000013,EZG09971005,80.75,能走车,,
EZ000013,EZG09971006,45.799,能走车,,
EZ000013,EZG09981005,100.391,能走车,,
EZ000013,EZG09981007,44.991,能走车,,
EZ000014,EZG09981005,97.531,能走车,,
EZ000014,EZG09981007,68.647,能走车,,
EZ000014,EZG09991005,51.134,能走车,,
EZ000014,EZG10001006,69.942,能走车,,
EZ000014,EZG10001007,89.537,能走车,,
EZ000015,EZG10041007,59.78,能走车,,
EZ000015,EZG10041008,81.508,能走车,37.258,37.258
EZ000015,EZG10051006,40.631,能走车,,
EZ000015,EZG10051008,88.844,能走车,14.423,14.423
EZ000015,EZG10061007,49.965,能走车,,
EZ000015,EZG10061008,74.607,能走车,,
EZ000016,EZ000017,24.824,能走车,,
EZ000016,EZG09981001,114.859,能走车,,
EZ000016,EZG09981002,93.883,能走车,,
EZ000016,EZG09991000,93.733,能走车,,
EZ000016,EZG09991002,46.368,能走车,,
EZ000016,EZG10001001,68.066,能走车,,
EZ000016,EZG10001003,89.983,能走车,,
EZ000017,EZG10001001,65.98,能走车,,
EZ000017,EZG10001003,87.063,能走车,,
EZ000017,EZG10011001,78.408,能走车,,
EZ000017,EZG10011002,100.525,不能走车,,
EZ000018,EZG09941002,109.579,不能走车,,
EZ000018,EZG09941003,103.119,不能走车,,
EZ000018,EZG09951001,97.556,不能走车,,
EZ000018,EZG09951003,83.096,不能走车,,
EZ000018,EZG09961002,71.165,不能走车,,
EZ000018,EZG09961003,60.2,不能走车,,
EZ000019,EZG09911005,87.097,能走车,,
EZ000019,EZG09911006,103.641,能走车,,
EZ000019,EZG09921005,59.531,能走车,,
EZ000019,EZG09921007,98.885,能走车,,
EZ000019,EZG09931005,44.623,能走车,,
EZ000019,EZG09931006,72.039,能走车,,
EZ000020,EZG09921003,83.488,能走车,,
EZ000020,EZG09921004,71.143,能走车,62.566,62.566
EZ000020,EZG09931002,76.447,能走车,,
EZ000020,EZG09931004,76.68,能走车,,
EZ000020,EZG09941003,54.868,能走车,46.637,46.637
EZ000020,EZG09941004,64.65,能走车,,
EZ000021,EZG09921017,81.147,不能走车,,
EZ000021,EZG09921018,61.192,不能走车,,
EZ000021,EZG09931016,94.179,不能走车,,
EZ000021,EZG09931018,57.061,不能走车,,
EZ000021,EZG09941017,89.002,不能走车,,
EZ000021,EZG09941018,72.358,不能走车,,
EZ000022,EZG09881018,85.223,能走车,,
EZ000022,EZG09881019,95.886,能走车,,
EZ000022,EZG09891017,65.273,能走车,,
EZ000022,EZG09891019,90.139,能走车,,
EZ000022,EZG09901018,51.557,能走车,,
EZ000022,EZG09901019,69.413,能走车,,
EZ000023,EZG09890989,61.967,能走车,,
EZ000023,EZG09890990,79.035,能走车,,
EZ000023,EZG09900989,45.714,能走车,,
EZ000023,EZG09900991,83.319,能走车,,
EZ000023,EZG09910989,50.118,能走车,,
EZ000023,EZG09910990,69.788,能走车,,
EZ000024,EZG09880995,71.525,能走车,,
EZ000024,EZG09880996,70.809,能走车,,
EZ000024,EZG09890994,76.028,能走车,,
EZ000024,EZG09890996,74.535,能走车,,
EZ000024,EZG09900995,76.881,能走车,,
EZ000024,EZG09900996,76.072,能走车,,
EZG09770993,EZG09770994,75.22,能走车,,
EZG09770993,EZG09780993,74.222,能走车,,
EZG09770993,EZG09780994,74.203,能走车,,
EZG09770994,EZG09770995,74.33,能走车,,
EZG09770994,EZG09780994,74.212,能走车,,
EZG09770994,EZG09780995,74.202,能走车,,
EZG09770995,EZG09770996,76.106,能走车,,
EZG09770995,EZG09780995,74.21,能走车,,
EZG09770995,EZG09780996,74.201,能走车,,
EZG09770996,EZG09770997,76.318,能走车,,
EZG09770996,EZG09780996,74.208,能走车,,
EZG09770996,EZG09780997,74.201,能走车,,
EZG09770997,EZG09770998,76.345,能走车,,
EZG09770997,EZG09780997,74.206,能走车,,
EZG09770997,EZG09780998,74.201,能走车,,
EZG09770998,EZG09770999,76.372,能走车,,
EZG09770998,EZG09780998,74.204,能走车,,
EZG09770998,EZG09780999,74.201,能走车,,
EZG09770999,EZG09771000,76.398,能走车,,
EZG09770999,EZG09780999,74.203,能走车,,
EZG09770999,EZG09781000,74.202,能走车,,
EZG09771000,EZG09771001,76.424,能走车,,
EZG09771000,EZG09781000,74.202,能走车,,
EZG09771000,EZG09781001,74.203,能走车,,
EZG09771001,EZG09771002,76.45,能走车,,
EZG09771001,EZG09781001,74.201,能走车,,
EZG09771001,EZG09781002,74.204,能走车,,
EZG09771002,EZG09771003,76.475,能走车,,
EZG09771002,EZG09781002,74.201,能走车,,
EZG09771002,EZG09781003,74.206,能走车,,
EZG09771003,EZG09771004,76.499,能走车,,
EZG09771003,EZG09781003,74.201,能走车,,
EZG09771003,EZG09781004,74.208,能走车,,
EZG09771004,EZG09771005,76.524,能走车,,
EZG09771004,EZG09781004,74.201,能走车,,
EZG09771004,EZG09781005,74.21,能走车,,
EZG09771005,EZG09771006,76.476,能走车,,
EZG09771005,EZG09781005,74.202,能走车,,
EZG09771005,EZG09781006,74.212,能走车,,
EZG09771006,EZG09771007,74.911,能走车,,
EZG09771006,EZG09781006,74.203,能走车,,
EZG09771006,EZG09781007,74.214,能走车,,
EZG09771007,EZG09771008,74.505,能走车,,
EZG09771007,EZG09781007,74.205,能走车,,
EZG09771007,EZG09781008,74.217,能走车,,
EZG09771008,EZG09771009,74.277,能走车,,
EZG09771008,EZG09781008,74.206,能走车,,
EZG09771008,EZG09781009,74.22,能走车,,
EZG09771009,EZG09781009,74.209,能走车,,
EZG09771009,EZG09781010,75.577,能走车,,
EZG09780991,EZG09780992,75.46,能走车,,
EZG09780991,EZG09790990,74.352,能走车,,
EZG09780991,EZG09790991,74.155,能走车,,
EZG09780992,EZG09780993,74.38,能走车,,
EZG09780992,EZG09790991,74.181,能走车,,
EZG09780992,EZG09790992,74.154,能走车,,
EZG09780993,EZG09780994,74.379,能走车,,
EZG09780993,EZG09790992,74.177,能走车,,
EZG09780993,EZG09790993,74.153,能走车,,
EZG09780994,EZG09780995,74.382,能走车,,
EZG09780994,EZG09790993,74.174,能走车,,
EZG09780994,EZG09790994,74.153,能走车,,
EZG09780995,EZG09780996,74.385,能走车,,
EZG09780995,EZG09790994,74.171,能走车,,
EZG09780995,EZG09790995,74.153,能走车,,
EZG09780996,EZG09780997,74.388,能走车,,
EZG09780996,EZG09790995,74.168,能走车,,
EZG09780996,EZG09790996,74.153,能走车,,
EZG09780997,EZG09780998,74.389,能走车,,
EZG09780997,EZG09790996,74.165,能走车,,
EZG09780997,EZG09790997,74.154,能走车,,
EZG09780998,EZG09780999,74.391,能走车,,
EZG09780998,EZG09790997,74.162,能走车,,
EZG09780998,EZG09790998,74.155,能走车,,
EZG09780999,EZG09781000,74.391,能走车,,
EZG09780999,EZG09790998,74.16,能走车,,
EZG09780999,EZG09790999,74.156,能走车,,
EZG09781000,EZG09781001,74.391,能走车,,
EZG09781000,EZG09790999,74.158,能走车,,
EZG09781000,EZG09791000,74.158,能走车,,
EZG09781001,EZG09781002,74.391,能走车,,
EZG09781001,EZG09791000,74.156,能走车,,
EZG09781001,EZG09791001,74.16,能走车,,
EZG09781002,EZG09781003,74.389,能走车,,
EZG09781002,EZG09791001,74.155,能走车,,
EZG09781002,EZG09791002,74.162,能走车,,
EZG09781003,EZG09781004,74.388,能走车,,
EZG09781003,EZG09791002,74.154,能走车,,
EZG09781003,EZG09791003,74.165,能走车,,
EZG09781004,EZG09781005,74.385,能走车,,
EZG09781004,EZG09791003,74.153,能走车,,
EZG09781004,EZG09791004,74.168,能走车,,
EZG09781005,EZG09781006,74.382,能走车,,
EZG09781005,EZG09791004,74.153,能走车,,
EZG09781005,EZG09791005,74.171,能走车,,
EZG09781006,EZG09781007,74.379,能走车,,
EZG09781006,EZG09791005,74.153,能走车,,
EZG09781006,EZG09791006,74.174,能走车,,
EZG09781007,EZG09781008,74.375,能走车,,
EZG09781007,EZG09791006,74.153,能走车,,
EZG09781007,EZG09791007,74.177,能走车,,
EZG09781008,EZG09781009,74.37,能走车,,
EZG09781008,EZG09791007,74.154,能走车,,
EZG09781008,EZG09791008,74.181,能走车,,
EZG09781009,EZG09781010,74.365,能走车,,
EZG09781009,EZG09791008,74.155,能走车,,
EZG09781009,EZG09791009,74.184,能走车,,
EZG09781010,EZG09781011,75.358,能走车,,
EZG09781010,EZG09791009,74.157,能走车,,
EZG09781010,EZG09791010,74.188,能走车,,
EZG09781011,EZG09791010,74.159,能走车,,
EZG09781011,EZG09791011,74.29,能走车,,
EZG09790988,EZG09790989,74.71,能走车,,
EZG09790988,EZG09800988,85.758,不能走车,,
EZG09790988,EZG09800989,74.107,能走车,,
EZG09790989,EZG09790990,74.564,能走车,,
EZG09790989,EZG09800989,74.156,能走车,,
EZG09790989,EZG09800990,74.106,能走车,,
EZG09790990,EZG09790991,74.456,能走车,,
EZG09790990,EZG09800990,74.152,能走车,,
EZG09790990,EZG09800991,74.105,能走车,,
EZG09790991,EZG09790992,74.461,能走车,,
EZG09790991,EZG09800991,74.147,能走车,,
EZG09790991,EZG09800992,74.104,能走车,,
EZG09790992,EZG09790993,74.465,能走车,,
EZG09790992,EZG09800992,74.143,能走车,,
EZG09790992,EZG09800993,74.104,能走车,,
EZG09790993,EZG09790994,74.469,能走车,,
EZG09790993,EZG09800993,74.138,能走车,,
EZG09790993,EZG09800994,74.105,能走车,,
EZG09790994,EZG09790995,74.472,能走车,,
EZG09790994,EZG09800994,74.134,能走车,,
EZG09790994,EZG09800995,74.105,能走车,,
EZG09790995,EZG09790996,74.475,能走车,,
EZG09790995,EZG09800995,74.13,能走车,,
EZG09790995,EZG09800996,74.106,能走车,,
EZG09790996,EZG09790997,74.477,能走车,,
EZG09790996,EZG09800996,74.127,能走车,,
EZG09790996,EZG09800997,74.108,能走车,,
EZG09790997,EZG09790998,74.478,能走车,,
EZG09790997,EZG09800997,74.123,能走车,,
EZG09790997,EZG09800998,74.11,能走车,,
EZG09790998,EZG09790999,74.479,能走车,,
EZG09790998,EZG09800998,74.12,能走车,,
EZG09790998,EZG09800999,74.112,能走车,,
EZG09790999,EZG09791000,74.48,能走车,,
EZG09790999,EZG09800999,74.117,能走车,,
EZG09790999,EZG09801000,74.114,能走车,,
EZG09791000,EZG09791001,74.479,能走车,,
EZG09791000,EZG09801000,74.114,能走车,,
EZG09791000,EZG09801001,74.117,能走车,,
EZG09791001,EZG09791002,74.478,能走车,,
EZG09791001,EZG09801001,74.112,能走车,,
EZG09791001,EZG09801002,74.12,能走车,,
EZG09791002,EZG09791003,74.477,能走车,,
EZG09791002,EZG09801002,74.11,能走车,,
EZG09791002,EZG09801003,74.123,能走车,,
EZG09791003,EZG09791004,74.475,能走车,,
EZG09791003,EZG09801003,74.108,能走车,,
EZG09791003,EZG09801004,74.127,能走车,,
EZG09791004,EZG09791005,74.472,能走车,,
EZG09791004,EZG09801004,74.106,能走车,,
EZG09791004,EZG09801005,74.13,能走车,,
EZG09791005,EZG09791006,74.469,能走车,,
EZG09791005,EZG09801005,74.105,能走车,,
EZG09791005,EZG09801006,74.134,能走车,,
EZG09791006,EZG09791007,74.465,能走车,,
EZG09791006,EZG09801006,74.105,能走车,,
EZG09791006,EZG09801007,74.138,能走车,,
EZG09791007,EZG09791008,74.461,能走车,,
EZG09791007,EZG09801007,74.104,能走车,,
EZG09791007,EZG09801008,74.143,能走车,,
EZG09791008,EZG09791009,74.456,能走车,,
EZG09791008,EZG09801008,74.104,能走车,,
EZG09791008,EZG09801009,74.147,能走车,46.861,46.861
EZG09791009,EZG09791010,74.45,能走车,,
EZG09791009,EZG09801009,74.105,能走车,,
EZG09791009,EZG09801010,74.152,能走车,,
EZG09791010,EZG09791011,74.444,能走车,,
EZG09791010,EZG09801010,74.106,能走车,,
EZG09791010,EZG09801011,74.156,能走车,,
EZG09791011,EZG09791012,74.509,能走车,,
EZG09791011,EZG09801011,74.107,能走车,,
EZG09791011,EZG09801012,74.161,能走车,,
EZG09791012,EZG09791013,74.629,能走车,,
EZG09791012,EZG09801012,74.109,能走车,,
EZG09791012,EZG09801013,74.166,能走车,,
EZG09791013,EZG09801013,74.112,能走车,,
EZG09791013,EZG09801014,75.032,能走车,,
EZG09800988,EZG09800989,85.568,不能走车,,
EZG09800988,EZG09810987,85.399,不能走车,,
EZG09800988,EZG09810988,85.028,不能走车,,
EZG09800989,EZG09800990,74.533,能走车,,
EZG09800989,EZG09810988,74.127,能走车,,
EZG09800989,EZG09810989,74.056,能走车,,
EZG09800990,EZG09800991,74.539,能走车,,
EZG09800990,EZG09810989,74.121,能走车,,
EZG09800990,EZG09810990,74.056,能走车,,
EZG09800991,EZG09800992,74.544,能走车,,
EZG09800991,EZG09810990,74.116,能走车,,
EZG09800991,EZG09810991,74.056,能走车,,
EZG09800992,EZG09800993,74.549,能走车,,
EZG09800992,EZG09810991,74.11,能走车,,
EZG09800992,EZG09810992,74.057,能走车,,
EZG09800993,EZG09800994,74.553,能走车,,
EZG09800993,EZG09810992,74.105,能走车,,
EZG09800993,EZG09810993,74.058,能走车,,
EZG09800994,EZG09800995,74.556,能走车,,
EZG09800994,EZG09810993,74.1,能走车,,
EZG09800994,EZG09810994,74.059,能走车,,
EZG09800995,EZG09800996,74.559,能走车,,
EZG09800995,EZG09810994,74.095,能走车,,
EZG09800995,EZG09810995,74.061,能走车,,
EZG09800996,EZG09800997,74.562,能走车,,
EZG09800996,EZG09810995,74.091,能走车,,
EZG09800996,EZG09810996,74.063,能走车,,
EZG09800997,EZG09800998,74.563,能走车,,
EZG09800997,EZG09810996,74.086,能走车,,
EZG09800997,EZG09810997,74.065,能走车,,
EZG09800998,EZG09800999,74.564,能走车,,
EZG09800998,EZG09810997,74.082,能走车,,
EZG09800998,EZG09810998,74.068,能走车,,
EZG09800999,EZG09801000,74.565,能走车,,
EZG09800999,EZG09810998,74.078,能走车,,
EZG09800999,EZG09810999,74.071,能走车,,
EZG09801000,EZG09801001,74.565,能走车,,
EZG09801000,EZG09810999,74.075,能走车,,
EZG09801000,EZG09811000,74.075,能走车,,
EZG09801001,EZG09801002,74.564,能走车,,
EZG09801001,EZG09811000,74.071,能走车,,
EZG09801001,EZG09811001,74.078,能走车,,
EZG09801002,EZG09801003,74.563,能走车,,
EZG09801002,EZG09811001,74.068,能走车,,
EZG09801002,EZG09811002,74.082,能走车,,
EZG09801003,EZG09801004,74.562,能走车,,
EZG09801003,EZG09811002,74.065,能走车,,
EZG09801003,EZG09811003,74.086,能走车,,
EZG09801004,EZG09801005,74.559,能走车,,
EZG09801004,EZG09811003,74.063,能走车,,
EZG09801004,EZG09811004,74.091,能走车,,
EZG09801005,EZG09801006,74.556,能走车,,
EZG09801005,EZG09811004,74.061,能走车,,
EZG09801005,EZG09811005,74.095,能走车,,
EZG09801006,EZG09801007,74.553,能走车,,
EZG09801006,EZG09811005,74.059,能走车,,
EZG09801006,EZG09811006,74.1,能走车,,
EZG09801007,EZG09801008,74.549,能走车,,
EZG09801007,EZG09811006,74.058,能走车,,
EZG09801007,EZG09811007,74.105,能走车,,
EZG09801008,EZG09801009,74.544,能走车,,
EZG09801008,EZG09811007,74.057,能走车,,
EZG09801008,EZG09811008,74.11,能走车,,
EZG09801009,EZG09801010,74.539,能走车,,
EZG09801009,EZG09811008,74.056,能走车,48.004,48.004
EZG09801009,EZG09811009,74.116,能走车,,
EZG09801010,EZG09801011,74.533,能走车,,
EZG09801010,EZG09811009,74.056,能走车,,
EZG09801010,EZG09811010,74.121,能走车,,
EZG09801011,EZG09801012,74.527,能走车,,
EZG09801011,EZG09811010,74.056,能走车,,
EZG09801011,EZG09811011,74.127,能走车,,
EZG09801012,EZG09801013,74.52,能走车,,
EZG09801012,EZG09811011,74.057,能走车,,
EZG09801012,EZG09811012,74.132,能走车,,
EZG09801013,EZG09801014,74.512,能走车,,
EZG09801013,EZG09811012,74.058,能走车,,
EZG09801013,EZG09811013,74.138,能走车,,
EZG09801014,EZG09801015,75.134,能走车,,
EZG09801014,EZG09811013,74.06,能走车,,
EZG09801014,EZG09811014,74.144,能走车,,
EZG09801015,EZG09811014,74.062,能走车,,
EZG09801015,EZG09811015,74.155,能走车,,
EZG09810987,EZG09810988,85.659,不能走车,,
EZG09810987,EZG09820987,85.717,不能走车,,
EZG09810987,EZG09820988,84.972,不能走车,,
EZG09810988,EZG09810989,74.613,能走车,,
EZG09810988,EZG09820988,85.077,不能走车,,
EZG09810988,EZG09820989,74.008,能走车,,
EZG09810989,EZG09810990,74.619,能走车,,
EZG09810989,EZG09820989,74.093,能走车,,
EZG09810989,EZG09820990,74.008,能走车,,
EZG09810990,EZG09810991,74.624,能走车,,
EZG09810990,EZG09820990,74.086,能走车,,
EZG09810990,EZG09820991,74.009,能走车,,
EZG09810991,EZG09810992,74.629,能走车,,
EZG09810991,EZG09820991,74.08,能走车,,
EZG09810991,EZG09820992,74.01,能走车,,
EZG09810992,EZG09810993,74.634,能走车,,
EZG09810992,EZG09820992,74.074,能走车,,
EZG09810992,EZG09820993,74.012,能走车,,
EZG09810993,EZG09810994,74.637,能走车,,
EZG09810993,EZG09820993,74.068,能走车,,
EZG09810993,EZG09820994,74.014,能走车,,
EZG09810994,EZG09810995,74.64,能走车,,
EZG09810994,EZG09820994,74.063,能走车,,
EZG09810994,EZG09820995,74.016,能走车,,
EZG09810995,EZG09810996,74.643,能走车,,
EZG09810995,EZG09820995,74.057,能走车,,
EZG09810995,EZG09820996,74.019,能走车,,
EZG09810996,EZG09810997,74.645,能走车,,
EZG09810996,EZG09820996,74.052,能走车,,
EZG09810996,EZG09820997,74.022,能走车,,
EZG09810997,EZG09810998,74.646,能走车,,
EZG09810997,EZG09820997,74.047,能走车,,
EZG09810997,EZG09820998,74.025,能走车,,
EZG09810998,EZG09810999,74.647,能走车,,
EZG09810998,EZG09820998,74.042,能走车,,
EZG09810998,EZG09820999,74.029,能走车,,
EZG09810999,EZG09811000,74.648,能走车,,
EZG09810999,EZG09820999,74.037,能走车,,
EZG09810999,EZG09821000,74.033,能走车,,
EZG09811000,EZG09811001,74.647,能走车,,
EZG09811000,EZG09821000,74.033,能走车,,
EZG09811000,EZG09821001,74.037,能走车,,
EZG09811001,EZG09811002,74.646,能走车,,
EZG09811001,EZG09821001,74.029,能走车,,
EZG09811001,EZG09821002,74.042,能走车,,
EZG09811002,EZG09811003,74.645,能走车,,
EZG09811002,EZG09821002,74.025,能走车,,
EZG09811002,EZG09821003,74.047,能走车,,
EZG09811003,EZG09811004,74.643,能走车,,
EZG09811003,EZG09821003,74.022,能走车,,
EZG09811003,EZG09821004,74.052,能走车,,
EZG09811004,EZG09811005,74.64,能走车,,
EZG09811004,EZG09821004,74.019,能走车,,
EZG09811004,EZG09821005,63.086,能走车,51.332,51.332
EZG09811005,EZG09811006,74.637,能走车,,
EZG09811005,EZG09821005,74.016,能走车,,
EZG09811005,EZG09821006,74.063,能走车,,
EZG09811006,EZG09811007,74.634,能走车,,
EZG09811006,EZG09821006,74.014,能走车,,
EZG09811006,EZG09821007,74.068,能走车,,
EZG09811007,EZG09811008,74.629,能走车,,
EZG09811007,EZG09821007,74.012,能走车,,
EZG09811007,EZG09821008,74.074,能走车,,
EZG09811008,EZG09811009,74.624,能走车,,
EZG09811008,EZG09821008,74.01,能走车,,
EZG09811008,EZG09821009,74.08,能走车,46.789,46.789
EZG09811009,EZG09811010,74.619,能走车,,
EZG09811009,EZG09821009,74.009,能走车,,
EZG09811009,EZG09821010,74.086,能走车,,
EZG09811010,EZG09811011,74.613,能走车,,
EZG09811010,EZG09821010,74.008,能走车,,
EZG09811010,EZG09821011,74.093,能走车,,
EZG09811011,EZG09811012,74.606,能走车,,
EZG09811011,EZG09821011,74.008,能走车,,
EZG09811011,EZG09821012,74.099,能走车,,
EZG09811012,EZG09811013,74.599,能走车,,
EZG09811012,EZG09821012,74.008,能走车,,
EZG09811012,EZG09821013,74.106,能走车,,
EZG09811013,EZG09811014,74.591,能走车,,
EZG09811013,EZG09821013,74.008,能走车,,
EZG09811013,EZG09821014,74.112,能走车,,
EZG09811014,EZG09811015,74.583,能走车,,
EZG09811014,EZG09821014,74.009,能走车,,
EZG09811014,EZG09821015,74.119,能走车,,
EZG09811015,EZG09811016,74.578,能走车,,
EZG09811015,EZG09821015,74.011,能走车,,
EZG09811015,EZG09821016,74.125,能走车,,
EZG09811016,EZG09821016,74.013,能走车,,
EZG09811016,EZG09821017,74.825,能走车,,
EZG09820987,EZG09820988,85.747,不能走车,,
EZG09820987,EZG09830987,84.932,不能走车,,
EZG09820988,EZG09820989,85.755,不能走车,,
EZG09820988,EZG09830987,85.048,不能走车,,
EZG09820988,EZG09830988,84.917,不能走车,,
EZG09820989,EZG09820990,74.696,能走车,,
EZG09820989,EZG09830988,74.067,能走车,,
EZG09820989,EZG09830989,73.961,能走车,,
EZG09820990,EZG09820991,74.701,能走车,,
EZG09820990,EZG09830989,74.06,能走车,,
EZG09820990,EZG09830990,73.963,能走车,,
EZG09820991,EZG09820992,74.707,能走车,,
EZG09820991,EZG09830990,74.053,能走车,,
EZG09820991,EZG09830991,73.964,能走车,,
EZG09820992,EZG09820993,74.711,能走车,,
EZG09820992,EZG09830991,74.046,能走车,,
EZG09820992,EZG09830992,73.967,能走车,,
EZG09820993,EZG09820994,74.715,能走车,,
EZG09820993,EZG09830992,74.039,能走车,,
EZG09820993,EZG09830993,73.969,能走车,,
EZG09820994,EZG09820995,74.718,能走车,,
EZG09820994,EZG09830993,74.033,能走车,,
EZG09820994,EZG09830994,73.972,能走车,,
EZG09820995,EZG09820996,74.721,能走车,,
EZG09820995,EZG09830994,74.026,能走车,,
EZG09820995,EZG09830995,73.976,能走车,,
EZG09820996,EZG09820997,74.723,能走车,,
EZG09820996,EZG09830995,74.02,能走车,,
EZG09820996,EZG09830996,73.979,能走车,,
EZG09820997,EZG09820998,74.725,能走车,,
EZG09820997,EZG09830996,74.014,能走车,,
EZG09820997,EZG09830997,73.984,能走车,,
EZG09820998,EZG09820999,74.726,能走车,,
EZG09820998,EZG09830997,74.008,能走车,,
EZG09820998,EZG09830998,73.988,能走车,,
EZG09820999,EZG09821000,74.727,能走车,,
EZG09820999,EZG09830998,74.003,能走车,,
EZG09820999,EZG09830999,73.993,能走车,,
EZG09821000,EZG09821001,74.727,能走车,,
EZG09821000,EZG09830999,73.998,能走车,,
EZG09821000,EZG09831000,73.998,能走车,,
EZG09821001,EZG09821002,74.726,能走车,,
EZG09821001,EZG09831000,73.993,能走车,,
EZG09821001,EZG09831001,74.003,能走车,,
EZG09821002,EZG09821003,74.725,能走车,,
EZG09821002,EZG09831001,73.988,能走车,,
EZG09821002,EZG09831002,74.008,能走车,,
EZG09821003,EZG09821004,74.723,能走车,,
EZG09821003,EZG09831002,73.984,能走车,,
EZG09821003,EZG09831003,74.014,能走车,,
EZG09821004,EZG09821005,74.721,能走车,,
EZG09821004,EZG09831003,73.979,能走车,,
EZG09821004,EZG09831004,74.02,能走车,,
EZG09821005,EZG09821006,74.718,能走车,,
EZG09821005,EZG09831004,73.976,能走车,42.012,42.012
EZG09821005,EZG09831005,74.026,能走车,,
EZG09821006,EZG09821007,74.715,能走车,,
EZG09821006,EZG09831005,73.972,能走车,,
EZG09821006,EZG09831006,74.033,能走车,,
EZG09821007,EZG09821008,74.711,能走车,,
EZG09821007,EZG09831006,73.969,能走车,,
EZG09821007,EZG09831007,74.039,能走车,,
EZG09821008,EZG09821009,74.707,能走车,,
EZG09821008,EZG09831007,73.967,能走车,,
EZG09821008,EZG09831008,74.046,能走车,,
EZG09821009,EZG09821010,74.701,能走车,,
EZG09821009,EZG09831008,73.964,能走车,,
EZG09821009,EZG09831009,63.082,能走车,54.856,54.856
EZG09821010,EZG09821011,74.696,能走车,,
EZG09821010,EZG09831009,73.963,能走车,,
EZG09821010,EZG09831010,74.06,能走车,,
EZG09821011,EZG09821012,74.69,能走车,,
EZG09821011,EZG09831010,73.961,能走车,,
EZG09821011,EZG09831011,74.067,能走车,,
EZG09821012,EZG09821013,74.683,能走车,,
EZG09821012,EZG09831011,73.96,能走车,,
EZG09821012,EZG09831012,74.074,能走车,,
EZG09821013,EZG09821014,74.675,能走车,,
EZG09821013,EZG09831012,73.96,能走车,,
EZG09821013,EZG09831013,74.081,能走车,,
EZG09821014,EZG09821015,74.668,能走车,,
EZG09821014,EZG09831013,73.96,能走车,,
EZG09821014,EZG09831014,74.088,能走车,,
EZG09821015,EZG09821016,74.659,能走车,,
EZG09821015,EZG09831014,73.96,能走车,,
EZG09821015,EZG09831015,74.096,能走车,,
EZG09821016,EZG09821017,74.65,能走车,,
EZG09821016,EZG09831015,73.961,能走车,,
EZG09821016,EZG09831016,74.103,能走车,,
EZG09821017,EZG09831016,73.963,能走车,,
EZG09821017,EZG09831017,74.398,能走车,,
EZG09830987,EZG09830988,85.839,不能走车,,
EZG09830987,EZG09840987,85.031,不能走车,,
EZG09830987,EZG09840988,84.864,不能走车,,
EZG09830988,EZG09830989,74.769,能走车,,
EZG09830988,EZG09840988,85.012,不能走车,,
EZG09830988,EZG09840989,73.916,能走车,,
EZG09830989,EZG09830990,74.775,能走车,,
EZG09830989,EZG09840989,74.035,能走车,,
EZG09830989,EZG09840990,73.918,能走车,,
EZG09830990,EZG09830991,74.781,能走车,,
EZG09830990,EZG09840990,74.027,能走车,,
EZG09830990,EZG09840991,73.92,能走车,,
EZG09830991,EZG09830992,74.785,能走车,,
EZG09830991,EZG09840991,74.02,能走车,,
EZG09830991,EZG09840992,73.923,能走车,,
EZG09830992,EZG09830993,74.79,能走车,,
EZG09830992,EZG09840992,74.012,能走车,,
EZG09830992,EZG09840993,73.926,能走车,,
EZG09830993,EZG09830994,74.793,能走车,,
EZG09830993,EZG09840993,74.005,能走车,,
EZG09830993,EZG09840994,73.93,能走车,,
EZG09830994,EZG09830995,74.796,能走车,,
EZG09830994,EZG09840994,73.998,能走车,,
EZG09830994,EZG09840995,73.934,能走车,,
EZG09830995,EZG09830996,74.799,能走车,,
EZG09830995,EZG09840995,73.991,能走车,,
EZG09830995,EZG09840996,73.938,能走车,,
EZG09830996,EZG09830997,74.801,能走车,,
EZG09830996,EZG09840996,73.984,能走车,,
EZG09830996,EZG09840997,73.943,能走车,,
EZG09830997,EZG09830998,74.802,能走车,,
EZG09830997,EZG09840997,73.977,能走车,,
EZG09830997,EZG09840998,73.948,能走车,,
EZG09830998,EZG09830999,74.803,能走车,,
EZG09830998,EZG09840998,73.971,能走车,,
EZG09830998,EZG09840999,73.953,能走车,,
EZG09830999,EZG09831000,74.803,能走车,,
EZG09830999,EZG09840999,73.965,能走车,,
EZG09830999,EZG09841000,73.959,能走车,,
EZG09831000,EZG09831001,74.803,能走车,,
EZG09831000,EZG09841000,73.959,能走车,,
EZG09831000,EZG09841001,73.965,能走车,,
EZG09831001,EZG09831002,74.802,能走车,,
EZG09831001,EZG09841001,73.953,能走车,,
EZG09831001,EZG09841002,73.971,能走车,,
EZG09831002,EZG09831003,74.801,能走车,,
EZG09831002,EZG09841002,73.948,能走车,,
EZG09831002,EZG09841003,73.977,能走车,,
EZG09831003,EZG09831004,74.799,能走车,,
EZG09831003,EZG09841003,73.943,能走车,,
EZG09831003,EZG09841004,73.984,能走车,,
EZG09831004,EZG09831005,74.796,能走车,9.268,9.268
EZG09831004,EZG09841004,73.938,能走车,,
EZG09831004,EZG09841005,73.991,能走车,,
EZG09831005,EZG09831006,74.793,能走车,,
EZG09831005,EZG09841005,73.934,能走车,40.849,40.849
EZG09831005,EZG09841006,73.998,能走车,,
EZG09831006,EZG09831007,74.79,能走车,,
EZG09831006,EZG09841006,73.93,能走车,,
EZG09831006,EZG09841007,74.005,能走车,,
EZG09831007,EZG09831008,74.785,能走车,,
EZG09831007,EZG09841007,73.926,能走车,,
EZG09831007,EZG09841008,74.012,能走车,,
EZG09831008,EZG09831009,74.781,能走车,,
EZG09831008,EZG09841008,73.923,能走车,,
EZG09831008,EZG09841009,74.02,能走车,,
EZG09831009,EZG09831010,74.775,能走车,,
EZG09831009,EZG09841009,73.92,能走车,,
EZG09831009,EZG09841010,63.06,能走车,54.903,54.903
EZG09831010,EZG09831011,74.769,能走车,,
EZG09831010,EZG09841010,73.918,能走车,,
EZG09831010,EZG09841011,74.035,能走车,,
EZG09831011,EZG09831012,74.763,能走车,,
EZG09831011,EZG09841011,73.916,能走车,,
EZG09831011,EZG09841012,74.043,能走车,,
EZG09831012,EZG09831013,74.756,能走车,,
EZG09831012,EZG09841012,73.914,能走车,,
EZG09831012,EZG09841013,74.051,能走车,,
EZG09831013,EZG09831014,74.749,能走车,,
EZG09831013,EZG09841013,73.913,能走车,,
EZG09831013,EZG09841014,74.059,能走车,,
EZG09831014,EZG09831015,74.74,能走车,,
EZG09831014,EZG09841014,73.912,能走车,,
EZG09831014,EZG09841015,74.067,能走车,,
EZG09831015,EZG09831016,74.732,能走车,,
EZG09831015,EZG09841015,73.912,能走车,,
EZG09831015,EZG09841016,74.075,能走车,,
EZG09831016,EZG09831017,74.723,能走车,,
EZG09831016,EZG09841016,73.912,能走车,,
EZG09831016,EZG09841017,74.083,能走车,,
EZG09831017,EZG09841017,73.913,能走车,,
EZG09831017,EZG09841018,74.148,能走车,,
EZG09840987,EZG09840988,85.92,不能走车,,
EZG09840987,EZG09850986,86.107,不能走车,,
EZG09840987,EZG09850987,84.813,不能走车,,
EZG09840988,EZG09840989,85.928,不能走车,,
EZG09840988,EZG09850987,84.987,不能走车,,
EZG09840988,EZG09850988,84.815,不能走车,,
EZG09840989,EZG09840990,74.846,能走车,,
EZG09840989,EZG09850988,84.977,不能走车,,
EZG09840989,EZG09850989,73.874,能走车,,
EZG09840990,EZG09840991,74.852,能走车,,
EZG09840990,EZG09850989,74.004,能走车,,
EZG09840990,EZG09850990,73.877,能走车,,
EZG09840991,EZG09840992,74.857,能走车,,
EZG09840991,EZG09850990,73.996,能走车,,
EZG09840991,EZG09850991,73.88,能走车,,
EZG09840992,EZG09840993,74.861,能走车,,
EZG09840992,EZG09850991,73.987,能走车,,
EZG09840992,EZG09850992,73.884,能走车,,
EZG09840993,EZG09840994,74.865,能走车,,
EZG09840993,EZG09850992,73.979,能走车,,
EZG09840993,EZG09850993,73.888,能走车,,
EZG09840994,EZG09840995,74.868,能走车,,
EZG09840994,EZG09850993,73.971,能走车,,
EZG09840994,EZG09850994,73.893,能走车,,
EZG09840995,EZG09840996,74.871,能走车,,
EZG09840995,EZG09850994,73.963,能走车,,
EZG09840995,EZG09850995,73.898,能走车,,
EZG09840996,EZG09840997,74.873,能走车,,
EZG09840996,EZG09850995,73.956,能走车,,
EZG09840996,EZG09850996,73.903,能走车,,
EZG09840997,EZG09840998,74.875,能走车,,
EZG09840997,EZG09850996,73.948,能走车,,
EZG09840997,EZG09850997,73.909,能走车,,
EZG09840998,EZG09840999,74.876,能走车,,
EZG09840998,EZG09850997,73.941,能走车,,
EZG09840998,EZG09850998,73.915,能走车,,
EZG09840999,EZG09841000,74.876,能走车,,
EZG09840999,EZG09850998,73.934,能走车,,
EZG09840999,EZG09850999,73.921,能走车,,
EZG09841000,EZG09841001,74.876,能走车,,
EZG09841000,EZG09850999,73.927,能走车,,
EZG09841000,EZG09851000,73.927,能走车,,
EZG09841001,EZG09841002,74.876,能走车,,
EZG09841001,EZG09851000,73.921,能走车,,
EZG09841001,EZG09851001,73.934,能走车,,
EZG09841002,EZG09841003,74.875,能走车,,
EZG09841002,EZG09851001,73.915,能走车,,
EZG09841002,EZG09851002,73.941,能走车,,
EZG09841003,EZG09841004,74.873,能走车,,
EZG09841003,EZG09851002,73.909,能走车,,
EZG09841003,EZG09851003,73.948,不能走车,,
EZG09841004,EZG09841005,74.871,能走车,,
EZG09841004,EZG09851003,73.903,不能走车,,
EZG09841004,EZG09851004,73.956,不能走车,,
EZG09841005,EZG09841006,74.868,能走车,,
EZG09841005,EZG09851004,73.898,不能走车,,
EZG09841005,EZG09851005,73.963,不能走车,49.617,49.617
EZG09841006,EZG09841007,74.865,能走车,,
EZG09841006,EZG09851005,73.893,不能走车,,
EZG09841006,EZG09851006,73.971,能走车,,
EZG09841007,EZG09841008,74.861,能走车,,
EZG09841007,EZG09851006,73.888,能走车,,
EZG09841007,EZG09851007,73.979,能走车,,
EZG09841008,EZG09841009,74.857,能走车,,
EZG09841008,EZG09851007,73.884,能走车,,
EZG09841008,EZG09851008,73.987,能走车,,
EZG09841009,EZG09841010,74.852,能走车,,
EZG09841009,EZG09851008,73.88,能走车,,
EZG09841009,EZG09851009,73.996,能走车,,
EZG09841010,EZG09841011,74.846,能走车,,
EZG09841010,EZG09851009,73.877,能走车,,
EZG09841010,EZG09851010,74.004,能走车,53.205,53.205
EZG09841011,EZG09841012,74.84,能走车,,
EZG09841011,EZG09851010,73.874,能走车,,
EZG09841011,EZG09851011,74.012,能走车,,
EZG09841012,EZG09841013,74.834,能走车,,
EZG09841012,EZG09851011,73.871,能走车,,
EZG09841012,EZG09851012,74.021,能走车,,
EZG09841013,EZG09841014,74.826,能走车,,
EZG09841013,EZG09851012,73.869,能走车,,
EZG09841013,EZG09851013,74.03,能走车,,
EZG09841014,EZG09841015,74.819,能走车,,
EZG09841014,EZG09851013,73.867,能走车,,
EZG09841014,EZG09851014,74.038,能走车,,
EZG09841015,EZG09841016,74.81,能走车,,
EZG09841015,EZG09851014,73.866,能走车,,
EZG09841015,EZG09851015,74.047,能走车,,
EZG09841016,EZG09841017,74.802,能走车,,
EZG09841016,EZG09851015,73.865,能走车,,
EZG09841016,EZG09851016,74.056,能走车,,
EZG09841017,EZG09841018,74.792,能走车,,
EZG09841017,EZG09851016,73.865,能走车,,
EZG09841017,EZG09851017,74.065,能走车,,
EZG09841018,EZG09841019,74.942,能走车,,
EZG09841018,EZG09851017,73.865,能走车,,
EZG09841018,EZG09851018,74.074,能走车,,
EZG09841019,EZG09851018,73.866,能走车,,
EZG09841019,EZG09851019,74.145,能走车,,
EZG09850986,EZG09850987,85.997,不能走车,,
EZG09850986,EZG09860986,85.036,不能走车,,
EZG09850986,EZG09860987,84.762,不能走车,,
EZG09850987,EZG09850988,86.005,不能走车,,
EZG09850987,EZG09860987,84.964,不能走车,,
EZG09850987,EZG09860988,84.765,不能走车,,
EZG09850988,EZG09850989,86.012,不能走车,,
EZG09850988,EZG09860988,84.954,不能走车,,
EZG09850988,EZG09860989,84.769,不能走车,,
EZG09850989,EZG09850990,74.92,能走车,,
EZG09850989,EZG09860989,73.983,能走车,,
EZG09850989,EZG09860990,73.835,能走车,,
EZG09850990,EZG09850991,74.925,能走车,,
EZG09850990,EZG09860990,73.974,能走车,32.371,32.371
EZG09850990,EZG09860991,73.839,能走车,27.248,27.248
EZG09850991,EZG09850992,74.929,能走车,,
EZG09850991,EZG09860991,73.965,能走车,,
EZG09850991,EZG09860992,73.843,能走车,,
EZG09850992,EZG09850993,74.933,能走车,,
EZG09850992,EZG09860992,73.956,能走车,,
EZG09850992,EZG09860993,73.848,能走车,,
EZG09850993,EZG09850994,74.937,能走车,,
EZG09850993,EZG09860993,73.947,能走车,,
EZG09850993,EZG09860994,73.853,能走车,,
EZG09850994,EZG09850995,74.94,能走车,,
EZG09850994,EZG09860994,73.938,能走车,,
EZG09850994,EZG09860995,73.859,能走车,,
EZG09850995,EZG09850996,74.942,能走车,,
EZG09850995,EZG09860995,73.93,能走车,,
EZG09850995,EZG09860996,73.865,能走车,,
EZG09850996,EZG09850997,74.944,能走车,,
EZG09850996,EZG09860996,73.922,能走车,,
EZG09850996,EZG09860997,73.871,能走车,,
EZG09850997,EZG09850998,74.946,能走车,,
EZG09850997,EZG09860997,73.914,能走车,,
EZG09850997,EZG09860998,73.877,能走车,,
EZG09850998,EZG09850999,74.946,能走车,,
EZG09850998,EZG09860998,73.906,能走车,,
EZG09850998,EZG09860999,73.884,能走车,,
EZG09850999,EZG09851000,74.947,能走车,,
EZG09850999,EZG09860999,73.898,能走车,,
EZG09850999,EZG09861000,73.891,能走车,,
EZG09851000,EZG09851001,74.946,能走车,,
EZG09851000,EZG09861000,73.891,能走车,,
EZG09851000,EZG09861001,73.898,能走车,,
EZG09851001,EZG09851002,74.946,能走车,,
EZG09851001,EZG09861001,73.884,能走车,,
EZG09851001,EZG09861002,73.906,能走车,,
EZG09851002,EZG09851003,74.944,不能走车,,
EZG09851002,EZG09861002,73.877,能走车,,
EZG09851002,EZG09861003,73.914,不能走车,,
EZG09851003,EZG09851004,74.942,不能走车,,
EZG09851003,EZG09861003,73.871,不能走车,,
EZG09851003,EZG09861004,73.922,不能走车,,
EZG09851004,EZG09851005,74.94,不能走车,,
EZG09851004,EZG09861004,73.865,不能走车,,
EZG09851004,EZG09861005,73.93,不能走车,,
EZG09851005,EZG09851006,74.937,不能走车,,
EZG09851005,EZG09861005,73.859,不能走车,49.029,49.029
EZG09851005,EZG09861006,73.938,不能走车,,
EZG09851006,EZG09851007,74.933,能走车,,
EZG09851006,EZG09861006,73.853,能走车,,
EZG09851006,EZG09861007,73.947,能走车,,
EZG09851007,EZG09851008,74.929,能走车,,
EZG09851007,EZG09861007,73.848,能走车,,
EZG09851007,EZG09861008,73.956,能走车,,
EZG09851008,EZG09851009,74.925,能走车,,
EZG09851008,EZG09861008,73.843,能走车,,
EZG09851008,EZG09861009,73.965,能走车,,
EZG09851009,EZG09851010,74.92,能走车,,
EZG09851009,EZG09861009,73.839,能走车,,
EZG09851009,EZG09861010,73.974,不能走车,,
EZG09851010,EZG09851011,74.914,能走车,,
EZG09851010,EZG09861010,73.835,不能走车,35.028,35.028
EZG09851010,EZG09861011,73.983,不能走车,,
EZG09851011,EZG09851012,74.908,能走车,,
EZG09851011,EZG09861011,73.831,不能走车,,
EZG09851011,EZG09861012,73.992,能走车,,
EZG09851012,EZG09851013,74.901,能走车,,
EZG09851012,EZG09861012,73.828,能走车,,
EZG09851012,EZG09861013,74.001,能走车,,
EZG09851013,EZG09851014,74.894,能走车,,
EZG09851013,EZG09861013,73.825,能走车,,
EZG09851013,EZG09861014,74.011,能走车,,
EZG09851014,EZG09851015,74.886,能走车,,
EZG09851014,EZG09861014,73.823,能走车,,
EZG09851014,EZG09861015,74.02,能走车,,
EZG09851015,EZG09851016,74.877,能走车,,
EZG09851015,EZG09861015,73.821,能走车,,
EZG09851015,EZG09861016,74.03,能走车,,
EZG09851016,EZG09851017,74.868,能走车,,
EZG09851016,EZG09861016,73.82,能走车,,
EZG09851016,EZG09861017,74.039,能走车,,
EZG09851017,EZG09851018,74.859,能走车,,
EZG09851017,EZG09861017,73.819,能走车,,
EZG09851017,EZG09861018,74.049,能走车,,
EZG09851018,EZG09851019,74.849,能走车,,
EZG09851018,EZG09861018,73.819,能走车,,
EZG09851018,EZG09861019,74.058,能走车,,
EZG09851019,EZG09861019,73.819,能走车,,
EZG09851019,EZG09861020,74.381,能走车,,
EZG09860986,EZG09860987,86.071,不能走车,,
EZG09860986,EZG09870986,85.384,不能走车,,
EZG09860987,EZG09860988,86.079,不能走车,,
EZG09860987,EZG09870986,84.944,不能走车,,
EZG09860987,EZG09870987,84.717,不能走车,,
EZG09860988,EZG09860989,86.086,不能走车,,
EZG09860988,EZG09870987,84.933,不能走车,,
EZG09860988,EZG09870988,84.722,不能走车,,
EZG09860989,EZG09860990,74.984,能走车,62.604,62.604
EZG09860989,EZG09870988,84.921,不能走车,,
EZG09860989,EZG09870989,73.794,能走车,48.756,48.756
EZG09860990,EZG09860991,74.99,能走车,,
EZG09860990,EZG09870989,73.954,能走车,,
EZG09860990,EZG09870990,73.799,能走车,,
EZG09860991,EZG09860992,74.994,能走车,59.612,59.612
EZG09860991,EZG09870990,73.944,能走车,,
EZG09860991,EZG09870991,73.804,能走车,,
EZG09860992,EZG09860993,74.999,能走车,46.182,46.182
EZG09860992,EZG09870991,73.934,能走车,,
EZG09860992,EZG09870992,73.809,能走车,,
EZG09860993,EZG09860994,75.002,能走车,,
EZG09860993,EZG09870992,73.925,能走车,,
EZG09860993,EZG09870993,73.815,能走车,49.264,49.264
EZG09860994,EZG09860995,75.006,能走车,,
EZG09860994,EZG09870993,73.916,能走车,,
EZG09860994,EZG09870994,73.821,能走车,,
EZG09860995,EZG09860996,75.008,能走车,,
EZG09860995,EZG09870994,73.907,能走车,,
EZG09860995,EZG09870995,73.827,能走车,,
EZG09860996,EZG09860997,75.01,能走车,,
EZG09860996,EZG09870995,73.898,能走车,,
EZG09860996,EZG09870996,73.834,能走车,,
EZG09860997,EZG09860998,75.012,能走车,,
EZG09860997,EZG09870996,73.889,能走车,,
EZG09860997,EZG09870997,73.841,能走车,,
EZG09860998,EZG09860999,75.013,能走车,,
EZG09860998,EZG09870997,73.88,能走车,,
EZG09860998,EZG09870998,73.848,能走车,,
EZG09860999,EZG09861000,75.014,能走车,,
EZG09860999,EZG09870998,73.872,能走车,,
EZG09860999,EZG09870999,73.856,能走车,,
EZG09861000,EZG09861001,75.014,能走车,,
EZG09861000,EZG09870999,73.864,能走车,,
EZG09861000,EZG09871000,73.864,能走车,,
EZG09861001,EZG09861002,75.013,能走车,,
EZG09861001,EZG09871000,73.856,能走车,,
EZG09861001,EZG09871001,73.872,能走车,,
EZG09861002,EZG09861003,75.012,不能走车,,
EZG09861002,EZG09871001,73.848,能走车,,
EZG09861002,EZG09871002,73.88,能走车,,
EZG09861003,EZG09861004,75.01,不能走车,,
EZG09861003,EZG09871002,73.841,不能走车,,
EZG09861003,EZG09871003,73.889,不能走车,,
EZG09861004,EZG09861005,75.008,不能走车,,
EZG09861004,EZG09871003,73.834,不能走车,,
EZG09861004,EZG09871004,73.898,不能走车,,
EZG09861005,EZG09861006,75.006,不能走车,,
EZG09861005,EZG09871004,73.827,不能走车,,
EZG09861005,EZG09871005,73.907,不能走车,54.875,54.875
EZG09861006,EZG09861007,75.002,能走车,,
EZG09861006,EZG09871005,73.821,不能走车,,
EZG09861006,EZG09871006,73.916,能走车,,
EZG09861007,EZG09861008,74.999,能走车,,
EZG09861007,EZG09871006,73.815,能走车,,
EZG09861007,EZG09871007,73.925,能走车,,
EZG09861008,EZG09861009,74.994,能走车,,
EZG09861008,EZG09871007,73.809,能走车,,
EZG09861008,EZG09871008,73.934,能走车,,
EZG09861009,EZG09861010,74.99,不能走车,,
EZG09861009,EZG09871008,73.804,能走车,,
EZG09861009,EZG09871009,73.944,能走车,,
EZG09861010,EZG09861011,74.984,不能走车,20.67,20.67
EZG09861010,EZG09871009,73.799,不能走车,,
EZG09861010,EZG09871010,73.954,不能走车,,
EZG09861011,EZG09861012,74.978,不能走车,,
EZG09861011,EZG09871010,73.794,不能走车,43.26,43.26
EZG09861011,EZG09871011,73.964,不能走车,,
EZG09861012,EZG09861013,74.972,能走车,,
EZG09861012,EZG09871011,73.79,不能走车,,
EZG09861012,EZG09871012,73.974,能走车,,
EZG09861013,EZG09861014,74.965,能走车,,
EZG09861013,EZG09871012,73.786,能走车,,
EZG09861013,EZG09871013,73.984,能走车,,
EZG09861014,EZG09861015,74.958,能走车,,
EZG09861014,EZG09871013,73.783,能走车,,
EZG09861014,EZG09871014,73.994,能走车,,
EZG09861015,EZG09861016,74.95,能走车,,
EZG09861015,EZG09871014,73.78,能走车,,
EZG09861015,EZG09871015,74.004,能走车,,
EZG09861016,EZG09861017,74.941,能走车,,
EZG09861016,EZG09871015,73.778,能走车,,
EZG09861016,EZG09871016,74.014,能走车,,
EZG09861017,EZG09861018,74.932,能走车,,
EZG09861017,EZG09871016,73.776,能走车,,
EZG09861017,EZG09871017,74.024,能走车,,
EZG09861018,EZG09861019,74.922,能走车,,
EZG09861018,EZG09871017,73.774,能走车,,
EZG09861018,EZG09871018,74.034,能走车,,
EZG09861019,EZG09861020,74.912,能走车,,
EZG09861019,EZG09871018,73.773,能走车,,
EZG09861019,EZG09871019,74.044,能走车,,
EZG09861020,EZG09871019,73.773,能走车,,
EZG09861020,EZG09871020,74.174,能走车,,
EZG09870986,EZG09870987,86.149,不能走车,,
EZG09870986,EZG09880986,85.309,不能走车,,
EZG09870986,EZG09880987,84.671,不能走车,,
EZG09870987,EZG09870988,86.157,不能走车,,
EZG09870987,EZG09880987,84.914,不能走车,,
EZG09870987,EZG09880988,84.676,不能走车,,
EZG09870988,EZG09870989,86.164,不能走车,,
EZG09870988,EZG09880988,84.902,不能走车,,
EZG09870988,EZG09880989,84.681,不能走车,,
EZG09870989,EZG09870990,75.051,能走车,,
EZG09870989,EZG09880989,73.936,能走车,44.4,44.4
EZG09870989,EZG09880990,73.76,能走车,,
EZG09870990,EZG09870991,75.056,能走车,,
EZG09870990,EZG09880990,73.926,能走车,,
EZG09870990,EZG09880991,73.765,能走车,,
EZG09870991,EZG09870992,75.061,能走车,,
EZG09870991,EZG09880991,73.915,能走车,,
EZG09870991,EZG09880992,73.771,能走车,,
EZG09870992,EZG09870993,75.065,能走车,,
EZG09870992,EZG09880992,73.905,能走车,,
EZG09870992,EZG09880993,73.777,能走车,,
EZG09870993,EZG09870994,75.068,能走车,56.123,56.123
EZG09870993,EZG09880993,73.895,能走车,,
EZG09870993,EZG09880994,73.784,能走车,,
EZG09870994,EZG09870995,75.071,能走车,,
EZG09870994,EZG09880994,73.885,能走车,,
EZG09870994,EZG09880995,73.791,能走车,34.535,34.535
EZG09870995,EZG09870996,75.073,能走车,,
EZG09870995,EZG09880995,73.876,能走车,20.459,20.459
EZG09870995,EZG09880996,73.798,能走车,37.604,37.604
EZG09870996,EZG09870997,75.075,能走车,,
EZG09870996,EZG09880996,73.866,能走车,,
EZG09870996,EZG09880997,73.806,能走车,,
EZG09870997,EZG09870998,75.076,能走车,,
EZG09870997,EZG09880997,73.857,能走车,,
EZG09870997,EZG09880998,73.813,能走车,,
EZG09870998,EZG09870999,75.077,能走车,,
EZG09870998,EZG09880998,73.848,能走车,,
EZG09870998,EZG09880999,73.822,能走车,,
EZG09870999,EZG09871000,75.077,能走车,,
EZG09870999,EZG09880999,73.839,能走车,,
EZG09870999,EZG09881000,73.83,能走车,,
EZG09871000,EZG09871001,75.077,能走车,,
EZG09871000,EZG09881000,73.83,能走车,,
EZG09871000,EZG09881001,73.839,能走车,,
EZG09871001,EZG09871002,75.076,能走车,,
EZG09871001,EZG09881001,73.822,能走车,,
EZG09871001,EZG09881002,73.848,能走车,,
EZG09871002,EZG09871003,75.075,不能走车,,
EZG09871002,EZG09881002,73.813,能走车,,
EZG09871002,EZG09881003,73.857,不能走车,,
EZG09871003,EZG09871004,75.073,不能走车,,
EZG09871003,EZG09881003,73.806,不能走车,,
EZG09871003,EZG09881004,73.866,不能走车,,
EZG09871004,EZG09871005,75.071,不能走车,,
EZG09871004,EZG09881004,73.798,不能走车,,
EZG09871004,EZG09881005,73.876,不能走车,,
EZG09871005,EZG09871006,75.068,不能走车,,
EZG09871005,EZG09881005,73.791,不能走车,69.742,69.742
EZG09871005,EZG09881006,73.885,不能走车,54.413,54.413
EZG09871006,EZG09871007,75.065,能走车,,
EZG09871006,EZG09881006,73.784,能走车,,
EZG09871006,EZG09881007,73.895,能走车,,
EZG09871007,EZG09871008,75.061,能走车,,
EZG09871007,EZG09881007,73.777,能走车,,
EZG09871007,EZG09881008,73.905,能走车,,
EZG09871008,EZG09871009,75.056,能走车,,
EZG09871008,EZG09881008,73.771,能走车,,
EZG09871008,EZG09881009,73.915,能走车,,
EZG09871009,EZG09871010,75.051,不能走车,,
EZG09871009,EZG09881009,73.765,能走车,,
EZG09871009,EZG09881010,73.926,不能走车,,
EZG09871010,EZG09871011,75.046,不能走车,,
EZG09871010,EZG09881010,73.76,不能走车,64.339,64.339
EZG09871010,EZG09881011,73.936,不能走车,,
EZG09871011,EZG09871012,75.04,不能走车,,
EZG09871011,EZG09881011,73.754,不能走车,,
EZG09871011,EZG09881012,73.947,不能走车,,
EZG09871012,EZG09871013,75.033,能走车,,
EZG09871012,EZG09881012,73.75,能走车,,
EZG09871012,EZG09881013,73.957,能走车,,
EZG09871013,EZG09871014,75.026,能走车,,
EZG09871013,EZG09881013,73.745,能走车,,
EZG09871013,EZG09881014,73.968,能走车,,
EZG09871014,EZG09871015,75.018,能走车,,
EZG09871014,EZG09881014,73.742,能走车,,
EZG09871014,EZG09881015,73.979,能走车,,
EZG09871015,EZG09871016,75.01,能走车,,
EZG09871015,EZG09881015,73.738,能走车,,
EZG09871015,EZG09881016,73.989,能走车,,
EZG09871016,EZG09871017,75.002,能走车,,
EZG09871016,EZG09881016,73.735,能走车,,
EZG09871016,EZG09881017,74.0,能走车,,
EZG09871017,EZG09871018,74.993,能走车,,
EZG09871017,EZG09881017,73.733,能走车,,
EZG09871017,EZG09881018,74.011,能走车,,
EZG09871018,EZG09871019,74.983,能走车,,
EZG09871018,EZG09881018,73.731,能走车,,
EZG09871018,EZG09881019,74.022,能走车,,
EZG09871019,EZG09871020,74.973,能走车,,
EZG09871019,EZG09881019,73.729,能走车,,
EZG09871019,EZG09881020,74.033,能走车,,
EZG09871020,EZG09881020,73.843,能走车,,
EZG09880986,EZG09880987,86.216,不能走车,,
EZG09880986,EZG09890985,85.306,不能走车,,
EZG09880986,EZG09890986,84.625,不能走车,,
EZG09880987,EZG09880988,86.223,不能走车,,
EZG09880987,EZG09890986,84.897,不能走车,,
EZG09880987,EZG09890987,84.631,不能走车,,
EZG09880988,EZG09880989,86.23,不能走车,,
EZG09880988,EZG09890987,84.884,不能走车,,
EZG09880988,EZG09890988,84.637,不能走车,,
EZG09880989,EZG09880990,75.11,能走车,,
EZG09880989,EZG09890988,62.969,能走车,,
EZG09880989,EZG09890989,62.8,能走车,47.931,47.931
EZG09880990,EZG09880991,75.115,能走车,,
EZG09880990,EZG09890989,73.909,能走车,,
EZG09880990,EZG09890990,73.728,能走车,,
EZG09880991,EZG09880992,75.119,能走车,,
EZG09880991,EZG09890990,62.95,能走车,,
EZG09880991,EZG09890991,73.734,能走车,,
EZG09880992,EZG09880993,75.123,能走车,,
EZG09880992,EZG09890991,73.887,能走车,,
EZG09880992,EZG09890992,73.741,能走车,,
EZG09880993,EZG09880994,75.127,能走车,,
EZG09880993,EZG09890992,73.877,能走车,,
EZG09880993,EZG09890993,73.748,能走车,,
EZG09880994,EZG09880995,75.13,能走车,,
EZG09880994,EZG09890993,73.866,能走车,,
EZG09880994,EZG09890994,73.756,能走车,,
EZG09880995,EZG09880996,75.161,能走车,,
EZG09880995,EZG09890994,73.858,能走车,,
EZG09880996,EZG09880997,75.135,能走车,,
EZG09880996,EZG09890996,62.854,能走车,54.183,54.183
EZG09880997,EZG09880998,75.136,能走车,,
EZG09880997,EZG09890996,73.835,能走车,,
EZG09880997,EZG09890997,73.78,能走车,,
EZG09880998,EZG09880999,75.137,能走车,,
EZG09880998,EZG09890997,73.826,能走车,,
EZG09880998,EZG09890998,73.788,能走车,,
EZG09880999,EZG09881000,75.138,能走车,,
EZG09880999,EZG09890998,73.816,能走车,,
EZG09880999,EZG09890999,73.797,能走车,,
EZG09881000,EZG09881001,75.138,能走车,,
EZG09881000,EZG09890999,73.807,能走车,,
EZG09881000,EZG09891000,73.807,能走车,,
EZG09881001,EZG09881002,75.137,能走车,,
EZG09881001,EZG09891000,73.797,能走车,,
EZG09881001,EZG09891001,73.816,能走车,,
EZG09881002,EZG09881003,75.136,不能走车,,
EZG09881002,EZG09891001,73.788,能走车,,
EZG09881002,EZG09891002,73.826,能走车,,
EZG09881003,EZG09881004,75.135,不能走车,,
EZG09881003,EZG09891002,73.78,不能走车,,
EZG09881003,EZG09891003,73.835,不能走车,,
EZG09881004,EZG09881005,75.133,不能走车,45.278,45.278
EZG09881004,EZG09891003,73.771,不能走车,50.158,50.158
EZG09881004,EZG09891004,73.846,不能走车,,
EZG09881005,EZG09881006,75.13,不能走车,,
EZG09881005,EZG09891004,73.763,不能走车,,
EZG09881005,EZG09891005,73.856,不能走车,,
EZG09881006,EZG09881007,75.127,能走车,,
EZG09881006,EZG09891005,73.756,能走车,,
EZG09881006,EZG09891006,73.866,能走车,54.412,54.412
EZG09881007,EZG09881008,75.123,能走车,,
EZG09881007,EZG09891006,73.748,能走车,,
EZG09881007,EZG09891007,73.877,能走车,,
EZG09881008,EZG09881009,75.119,能走车,,
EZG09881008,EZG09891007,73.741,能走车,,
EZG09881008,EZG09891008,73.887,能走车,,
EZG09881009,EZG09881010,75.115,不能走车,,
EZG09881009,EZG09891008,73.734,能走车,,
EZG09881009,EZG09891009,73.898,能走车,,
EZG09881010,EZG09881011,75.11,不能走车,54.238,54.238
EZG09881010,EZG09891009,73.728,不能走车,47.187,47.187
EZG09881010,EZG09891010,73.909,不能走车,,
EZG09881011,EZG09881012,75.104,不能走车,,
EZG09881011,EZG09891010,73.722,不能走车,,
EZG09881011,EZG09891011,73.92,不能走车,53.027,53.027
EZG09881012,EZG09881013,75.098,能走车,,
EZG09881012,EZG09891011,73.716,能走车,,
EZG09881012,EZG09891012,73.932,能走车,,
EZG09881013,EZG09881014,75.091,能走车,,
EZG09881013,EZG09891012,73.711,能走车,,
EZG09881013,EZG09891013,73.943,能走车,,
EZG09881014,EZG09881015,75.084,能走车,,
EZG09881014,EZG09891013,73.706,能走车,,
EZG09881014,EZG09891014,73.954,能走车,,
EZG09881015,EZG09881016,75.076,能走车,,
EZG09881015,EZG09891014,73.702,能走车,,
EZG09881015,EZG09891015,73.965,能走车,,
EZG09881016,EZG09881017,75.068,能走车,,
EZG09881016,EZG09891015,73.698,能走车,,
EZG09881016,EZG09891016,73.977,能走车,,
EZG09881017,EZG09881018,75.059,能走车,,
EZG09881017,EZG09891016,73.694,能走车,,
EZG09881017,EZG09891017,73.988,能走车,,
EZG09881018,EZG09881019,76.062,能走车,,
EZG09881018,EZG09891017,73.734,能走车,,
EZG09881019,EZG09881020,75.04,能走车,,
EZG09881019,EZG09891019,75.209,能走车,,
EZG09881020,EZG09891019,73.687,能走车,,
EZG09881020,EZG09891020,74.128,能走车,,
EZG09890985,EZG09890986,86.279,不能走车,,
EZG09890985,EZG09900986,85.904,不能走车,,
EZG09890986,EZG09890987,86.286,不能走车,,
EZG09890986,EZG09900986,84.883,不能走车,,
EZG09890986,EZG09900987,84.588,不能走车,,
EZG09890987,EZG09890988,86.294,不能走车,,
EZG09890987,EZG09900987,84.869,不能走车,,
EZG09890987,EZG09900988,84.595,不能走车,,
EZG09890988,EZG09890989,64.029,能走车,,
EZG09890988,EZG09900988,84.856,不能走车,,
EZG09890988,EZG09900989,62.769,能走车,,
EZG09890989,EZG09890990,64.396,能走车,,
EZG09890989,EZG09900989,63.307,能走车,50.455,50.455
EZG09890990,EZG09890991,75.175,能走车,,
EZG09890990,EZG09900991,63.954,能走车,,
EZG09890991,EZG09890992,75.179,能走车,,
EZG09890991,EZG09900991,73.872,能走车,,
EZG09890991,EZG09900992,73.706,能走车,,
EZG09890992,EZG09890993,75.183,能走车,,
EZG09890992,EZG09900992,73.86,能走车,,
EZG09890992,EZG09900993,73.714,能走车,,
EZG09890993,EZG09890994,75.186,能走车,,
EZG09890993,EZG09900993,73.849,能走车,,
EZG09890993,EZG09900994,73.722,能走车,,
EZG09890994,EZG09900994,73.838,能走车,,
EZG09890994,EZG09900995,73.745,能走车,,
EZG09890996,EZG09890997,75.193,能走车,,
EZG09890996,EZG09900996,73.82,能走车,,
EZG09890996,EZG09900997,62.822,能走车,54.18,54.18
EZG09890997,EZG09890998,75.194,能走车,,
EZG09890997,EZG09900997,73.806,能走车,,
EZG09890997,EZG09900998,73.756,能走车,,
EZG09890998,EZG09890999,75.195,能走车,,
EZG09890998,EZG09900998,73.796,能走车,,
EZG09890998,EZG09900999,73.766,能走车,,
EZG09890999,EZG09891000,75.195,能走车,,
EZG09890999,EZG09900999,73.785,能走车,,
EZG09890999,EZG09901000,73.776,能走车,,
EZG09891000,EZG09891001,75.195,能走车,,
EZG09891000,EZG09901000,73.776,能走车,,
EZG09891000,EZG09901001,73.785,能走车,,
EZG09891001,EZG09891002,75.194,能走车,,
EZG09891001,EZG09901001,73.766,能走车,,
EZG09891001,EZG09901002,73.796,能走车,,
EZG09891002,EZG09891003,75.193,能走车,44.633,44.633
EZG09891002,EZG09901002,73.756,能走车,50.486,50.486
EZG09891002,EZG09901003,73.806,能走车,,
EZG09891003,EZG09891004,75.191,能走车,,
EZG09891003,EZG09901003,73.747,能走车,,
EZG09891003,EZG09901004,73.817,能走车,,
EZG09891004,EZG09891005,75.189,能走车,,
EZG09891004,EZG09901004,73.738,能走车,,
EZG09891004,EZG09901005,73.827,能走车,,
EZG09891005,EZG09891006,75.186,能走车,,
EZG09891005,EZG09901005,73.73,能走车,,
EZG09891005,EZG09901006,73.838,能走车,,
EZG09891006,EZG09891007,75.183,能走车,33.441,33.441
EZG09891006,EZG09901006,73.722,能走车,,
EZG09891006,EZG09901007,73.849,能走车,,
EZG09891007,EZG09891008,75.179,能走车,,
EZG09891007,EZG09901007,73.714,能走车,46.78,46.78
EZG09891007,EZG09901008,73.86,能走车,,
EZG09891008,EZG09891009,75.175,能走车,48.694,48.694
EZG09891008,EZG09901008,73.706,能走车,46.38,46.38
EZG09891008,EZG09901009,73.872,能走车,,
EZG09891009,EZG09891010,75.17,能走车,,
EZG09891009,EZG09901009,73.699,能走车,,
EZG09891009,EZG09901010,73.883,能走车,,
EZG09891010,EZG09891011,75.165,能走车,,
EZG09891010,EZG09901010,73.692,能走车,,
EZG09891010,EZG09901011,73.895,能走车,,
EZG09891011,EZG09891012,75.159,能走车,,
EZG09891011,EZG09901011,73.685,能走车,,
EZG09891011,EZG09901012,62.957,能走车,53.985,53.985
EZG09891012,EZG09891013,75.153,能走车,,
EZG09891012,EZG09901012,73.679,能走车,,
EZG09891012,EZG09901013,73.918,能走车,,
EZG09891013,EZG09891014,75.146,能走车,,
EZG09891013,EZG09901013,73.673,能走车,,
EZG09891013,EZG09901014,73.93,能走车,,
EZG09891014,EZG09891015,75.139,能走车,,
EZG09891014,EZG09901014,73.668,能走车,,
EZG09891014,EZG09901015,73.942,能走车,,
EZG09891015,EZG09891016,75.131,能走车,,
EZG09891015,EZG09901015,73.663,能走车,,
EZG09891015,EZG09901016,73.954,能走车,,
EZG09891016,EZG09891017,75.123,能走车,,
EZG09891016,EZG09901016,73.659,能走车,,
EZG09891016,EZG09901017,73.966,能走车,,
EZG09891017,EZG09901017,73.655,能走车,,
EZG09891017,EZG09901018,73.978,能走车,,
EZG09891019,EZG09891020,75.453,能走车,,
EZG09891019,EZG09901019,75.133,能走车,,
EZG09900986,EZG09900987,86.346,不能走车,,
EZG09900986,EZG09910985,85.623,不能走车,,
EZG09900986,EZG09910986,84.547,不能走车,,
EZG09900987,EZG09900988,86.353,不能走车,,
EZG09900987,EZG09910986,84.856,不能走车,,
EZG09900987,EZG09910987,84.554,不能走车,,
EZG09900988,EZG09900989,86.36,不能走车,,
EZG09900988,EZG09910987,84.842,不能走车,,
EZG09900988,EZG09910988,84.561,不能走车,,
EZG09900989,EZG09910988,62.937,能走车,,
EZG09900989,EZG09910989,62.832,能走车,42.728,42.728
EZG09900991,EZG09900992,75.231,能走车,,
EZG09900991,EZG09910990,63.685,能走车,,
EZG09900991,EZG09910991,73.672,能走车,,
EZG09900992,EZG09900993,75.235,能走车,,
EZG09900992,EZG09910991,73.846,能走车,,
EZG09900992,EZG09910992,73.68,能走车,,
EZG09900993,EZG09900994,75.239,能走车,,
EZG09900993,EZG09910992,73.834,能走车,,
EZG09900993,EZG09910993,73.689,能走车,,
EZG09900994,EZG09900995,75.242,能走车,,
EZG09900994,EZG09910993,73.823,能走车,,
EZG09900994,EZG09910994,73.698,能走车,,
EZG09900995,EZG09900996,75.272,能走车,,
EZG09900995,EZG09910994,73.811,能走车,,
EZG09900995,EZG09910995,73.707,能走车,,
EZG09900996,EZG09900997,75.246,能走车,,
EZG09900996,EZG09910995,73.8,能走车,,
EZG09900996,EZG09910996,73.716,能走车,,
EZG09900997,EZG09900998,75.248,能走车,52.181,52.181
EZG09900997,EZG09910996,73.788,能走车,,
EZG09900997,EZG09910997,73.726,能走车,,
EZG09900998,EZG09900999,75.249,能走车,,
EZG09900998,EZG09910997,73.777,能走车,,
EZG09900998,EZG09910998,73.736,能走车,37.58,37.58
EZG09900999,EZG09901000,75.249,能走车,,
EZG09900999,EZG09910998,73.767,能走车,16.792,16.792
EZG09900999,EZG09910999,73.746,能走车,33.735,33.735
EZG09901000,EZG09901001,75.249,能走车,,
EZG09901000,EZG09910999,73.756,能走车,28.543,28.543
EZG09901000,EZG09911000,73.756,能走车,27.214,27.214
EZG09901001,EZG09901002,75.249,能走车,51.312,51.312
EZG09901001,EZG09911000,73.746,能走车,37.47,37.47
EZG09901001,EZG09911001,73.767,能走车,,
EZG09901002,EZG09901003,75.248,能走车,,
EZG09901002,EZG09911001,73.736,能走车,,
EZG09901002,EZG09911002,73.777,能走车,,
EZG09901003,EZG09901004,75.246,能走车,,
EZG09901003,EZG09911002,73.726,能走车,,
EZG09901003,EZG09911003,73.788,能走车,,
EZG09901004,EZG09901005,75.244,能走车,,
EZG09901004,EZG09911003,73.716,能走车,,
EZG09901004,EZG09911004,73.8,能走车,,
EZG09901005,EZG09901006,64.095,能走车,56.906,56.906
EZG09901005,EZG09911004,73.707,能走车,51.825,51.825
EZG09901005,EZG09911005,73.811,能走车,,
EZG09901006,EZG09901007,64.092,能走车,55.69,55.69
EZG09901006,EZG09911005,73.698,能走车,,
EZG09901006,EZG09911006,73.823,能走车,,
EZG09901007,EZG09901008,75.235,能走车,46.43,46.43
EZG09901007,EZG09911006,73.689,能走车,,
EZG09901007,EZG09911007,73.834,能走车,,
EZG09901008,EZG09901009,75.231,能走车,,
EZG09901008,EZG09911007,73.68,能走车,,
EZG09901008,EZG09911008,73.846,能走车,,
EZG09901009,EZG09901010,75.227,能走车,,
EZG09901009,EZG09911008,73.672,能走车,,
EZG09901009,EZG09911009,73.858,能走车,,
EZG09901010,EZG09901011,75.222,能走车,,
EZG09901010,EZG09911009,73.665,能走车,,
EZG09901010,EZG09911010,73.87,能走车,,
EZG09901011,EZG09901012,75.217,能走车,,
EZG09901011,EZG09911010,73.657,能走车,,
EZG09901011,EZG09911011,73.882,能走车,,
EZG09901012,EZG09901013,75.211,能走车,44.192,44.192
EZG09901012,EZG09911011,73.65,能走车,,
EZG09901012,EZG09911012,73.895,能走车,,
EZG09901013,EZG09901014,75.204,能走车,,
EZG09901013,EZG09911012,73.644,能走车,,
EZG09901013,EZG09911013,73.907,能走车,48.641,48.641
EZG09901014,EZG09901015,75.198,能走车,,
EZG09901014,EZG09911013,73.637,能走车,,
EZG09901014,EZG09911014,73.919,能走车,,
EZG09901015,EZG09901016,75.19,能走车,,
EZG09901015,EZG09911014,73.632,能走车,,
EZG09901015,EZG09911015,73.932,能走车,,
EZG09901016,EZG09901017,75.182,能走车,,
EZG09901016,EZG09911015,73.626,能走车,,
EZG09901016,EZG09911016,73.944,不能走车,,
EZG09901017,EZG09901018,75.174,能走车,,
EZG09901017,EZG09911016,73.621,不能走车,,
EZG09901017,EZG09911017,73.957,不能走车,,
EZG09901018,EZG09901019,75.283,能走车,,
EZG09901018,EZG09911017,73.617,不能走车,,
EZG09901018,EZG09911018,73.969,不能走车,,
EZG09901019,EZG09911018,73.796,不能走车,,
EZG09910985,EZG09910986,86.401,不能走车,,
EZG09910985,EZG09920986,84.512,不能走车,,
EZG09910986,EZG09910987,86.409,不能走车,,
EZG09910986,EZG09920986,84.845,不能走车,,
EZG09910986,EZG09920987,84.515,不能走车,,
EZG09910987,EZG09910988,86.416,不能走车,,
EZG09910987,EZG09920987,84.83,不能走车,,
EZG09910987,EZG09920988,84.523,不能走车,,
EZG09910988,EZG09910989,64.12,能走车,,
EZG09910988,EZG09920988,84.816,不能走车,,
EZG09910988,EZG09920989,62.717,能走车,,
EZG09910989,EZG09910990,64.128,能走车,,
EZG09910989,EZG09920989,62.917,能走车,,
EZG09910989,EZG09920990,62.723,能走车,,
EZG09910990,EZG09910991,75.28,能走车,,
EZG09910990,EZG09920990,62.906,能走车,,
EZG09910990,EZG09920991,62.73,能走车,,
EZG09910991,EZG09910992,75.284,能走车,,
EZG09910991,EZG09920991,73.834,能走车,,
EZG09910991,EZG09920992,73.649,能走车,,
EZG09910992,EZG09910993,75.288,能走车,,
EZG09910992,EZG09920992,73.821,能走车,,
EZG09910992,EZG09920993,73.657,能走车,,
EZG09910993,EZG09910994,75.291,能走车,,
EZG09910993,EZG09920993,73.809,能走车,,
EZG09910993,EZG09920994,73.667,能走车,,
EZG09910994,EZG09910995,75.294,能走车,,
EZG09910994,EZG09920994,73.797,能走车,,
EZG09910994,EZG09920995,73.676,能走车,,
EZG09910995,EZG09910996,75.296,能走车,,
EZG09910995,EZG09920995,73.785,能走车,,
EZG09910995,EZG09920996,73.686,能走车,,
EZG09910996,EZG09910997,75.298,能走车,,
EZG09910996,EZG09920996,73.773,能走车,,
EZG09910996,EZG09920997,73.696,能走车,,
EZG09910997,EZG09910998,75.299,能走车,,
EZG09910997,EZG09920997,73.762,能走车,,
EZG09910997,EZG09920998,73.706,能走车,,
EZG09910998,EZG09910999,75.299,能走车,,
EZG09910998,EZG09920998,73.75,能走车,,
EZG09910998,EZG09920999,73.717,能走车,,
EZG09910999,EZG09911000,75.3,能走车,,
EZG09910999,EZG09920999,73.739,能走车,,
EZG09910999,EZG09921000,73.728,能走车,,
EZG09911000,EZG09911001,75.299,能走车,,
EZG09911000,EZG09921000,73.728,能走车,,
EZG09911000,EZG09921001,73.739,能走车,,
EZG09911001,EZG09911002,75.299,能走车,,
EZG09911001,EZG09921001,73.717,能走车,,
EZG09911001,EZG09921002,73.75,能走车,,
EZG09911002,EZG09911003,75.298,能走车,,
EZG09911002,EZG09921002,73.706,能走车,,
EZG09911002,EZG09921003,73.762,能走车,,
EZG09911003,EZG09911004,75.296,能走车,,
EZG09911003,EZG09921003,73.696,能走车,,
EZG09911003,EZG09921004,73.773,能走车,,
EZG09911004,EZG09911005,75.294,能走车,,
EZG09911004,EZG09921004,73.686,能走车,61.152,61.152
EZG09911004,EZG09921005,73.785,能走车,,
EZG09911005,EZG09911006,76.415,能走车,,
EZG09911005,EZG09921005,73.738,能走车,,
EZG09911006,EZG09911007,75.288,能走车,,
EZG09911006,EZG09921007,74.833,能走车,,
EZG09911007,EZG09911008,75.284,能走车,,
EZG09911007,EZG09921007,73.657,能走车,,
EZG09911007,EZG09921008,73.821,能走车,,
EZG09911008,EZG09911009,75.28,能走车,,
EZG09911008,EZG09921008,73.649,能走车,,
EZG09911008,EZG09921009,73.834,能走车,,
EZG09911009,EZG09911010,75.276,能走车,,
EZG09911009,EZG09921009,73.64,能走车,,
EZG09911009,EZG09921010,73.846,能走车,,
EZG09911010,EZG09911011,75.271,能走车,,
EZG09911010,EZG09921010,73.632,能走车,,
EZG09911010,EZG09921011,73.859,能走车,,
EZG09911011,EZG09911012,75.265,能走车,,
EZG09911011,EZG09921011,73.624,能走车,,
EZG09911011,EZG09921012,73.872,能走车,,
EZG09911012,EZG09911013,75.259,能走车,,
EZG09911012,EZG09921012,73.617,能走车,,
EZG09911012,EZG09921013,73.885,能走车,,
EZG09911013,EZG09911014,75.253,能走车,,
EZG09911013,EZG09921013,73.609,能走车,,
EZG09911013,EZG09921014,62.95,能走车,53.276,53.276
EZG09911014,EZG09911015,75.246,能走车,,
EZG09911014,EZG09921014,73.603,能走车,,
EZG09911014,EZG09921015,73.91,能走车,,
EZG09911015,EZG09911016,75.238,不能走车,,
EZG09911015,EZG09921015,73.596,能走车,,
EZG09911015,EZG09921016,73.923,能走车,,
EZG09911016,EZG09911017,75.231,不能走车,,
EZG09911016,EZG09921016,73.591,不能走车,,
EZG09911016,EZG09921017,73.936,不能走车,,
EZG09911017,EZG09911018,75.222,不能走车,,
EZG09911017,EZG09921017,73.585,不能走车,,
EZG09911017,EZG09921018,73.949,不能走车,,
EZG09911018,EZG09921018,73.58,不能走车,,
EZG09911018,EZG09921019,74.143,不能走车,,
EZG09920986,EZG09920987,86.461,不能走车,,
EZG09920986,EZG09930986,84.581,不能走车,,
EZG09920987,EZG09920988,86.468,不能走车,,
EZG09920987,EZG09930986,84.821,不能走车,,
EZG09920987,EZG09930987,84.486,不能走车,,
EZG09920988,EZG09920989,86.474,不能走车,,
EZG09920988,EZG09930987,84.806,不能走车,,
EZG09920988,EZG09930988,84.495,不能走车,,
EZG09920989,EZG09920990,64.163,能走车,,
EZG09920989,EZG09930988,84.79,不能走车,,
EZG09920989,EZG09930989,73.6,能走车,,
EZG09920990,EZG09920991,64.167,能走车,,
EZG09920990,EZG09930989,73.837,能走车,,
EZG09920990,EZG09930990,73.609,能走车,,
EZG09920991,EZG09920992,75.33,能走车,,
EZG09920991,EZG09930990,73.823,能走车,,
EZG09920991,EZG09930991,73.618,能走车,,
EZG09920992,EZG09920993,75.334,能走车,,
EZG09920992,EZG09930991,73.811,能走车,,
EZG09920992,EZG09930992,73.627,能走车,,
EZG09920993,EZG09920994,75.337,能走车,,
EZG09920993,EZG09930992,73.798,能走车,,
EZG09920993,EZG09930993,73.637,能走车,,
EZG09920994,EZG09920995,75.34,能走车,,
EZG09920994,EZG09930993,73.785,能走车,,
EZG09920994,EZG09930994,73.647,能走车,,
EZG09920995,EZG09920996,75.342,能走车,,
EZG09920995,EZG09930994,73.772,能走车,,
EZG09920995,EZG09930995,73.657,能走车,,
EZG09920996,EZG09920997,75.344,能走车,,
EZG09920996,EZG09930995,73.76,能走车,,
EZG09920996,EZG09930996,73.668,能走车,,
EZG09920997,EZG09920998,75.345,能走车,,
EZG09920997,EZG09930996,73.748,能走车,,
EZG09920997,EZG09930997,73.678,能走车,,
EZG09920998,EZG09920999,75.346,能走车,,
EZG09920998,EZG09930997,73.736,能走车,,
EZG09920998,EZG09930998,73.689,能走车,,
EZG09920999,EZG09921000,75.347,能走车,,
EZG09920999,EZG09930998,73.724,能走车,,
EZG09920999,EZG09930999,73.701,能走车,,
EZG09921000,EZG09921001,75.347,能走车,,
EZG09921000,EZG09930999,73.712,能走车,,
EZG09921000,EZG09931000,73.712,能走车,,
EZG09921001,EZG09921002,75.346,能走车,,
EZG09921001,EZG09931000,73.701,能走车,,
EZG09921001,EZG09931001,73.724,能走车,,
EZG09921002,EZG09921003,75.345,能走车,,
EZG09921002,EZG09931001,73.689,能走车,,
EZG09921002,EZG09931002,73.736,能走车,,
EZG09921003,EZG09921004,75.678,能走车,,
EZG09921003,EZG09931002,73.805,能走车,,
EZG09921004,EZG09921005,75.342,能走车,,
EZG09921004,EZG09931004,73.894,能走车,,
EZG09921005,EZG09931004,73.657,能走车,,
EZG09921005,EZG09931005,74.002,能走车,,
EZG09921007,EZG09921008,75.334,能走车,,
EZG09921007,EZG09931006,74.408,能走车,,
EZG09921007,EZG09931007,73.798,能走车,,
EZG09921008,EZG09921009,75.33,能走车,,
EZG09921008,EZG09931007,73.627,能走车,,
EZG09921008,EZG09931008,73.811,能走车,,
EZG09921009,EZG09921010,75.326,能走车,,
EZG09921009,EZG09931008,73.618,能走车,,
EZG09921009,EZG09931009,73.823,能走车,,
EZG09921010,EZG09921011,75.321,能走车,,
EZG09921010,EZG09931009,73.609,能走车,,
EZG09921010,EZG09931010,73.837,能走车,,
EZG09921011,EZG09921012,75.316,能走车,,
EZG09921011,EZG09931010,73.6,能走车,,
EZG09921011,EZG09931011,73.85,能走车,,
EZG09921012,EZG09921013,75.311,能走车,,
EZG09921012,EZG09931011,73.592,能走车,,
EZG09921012,EZG09931012,73.863,能走车,,
EZG09921013,EZG09921014,75.305,能走车,,
EZG09921013,EZG09931012,73.584,能走车,,
EZG09921013,EZG09931013,73.876,能走车,,
EZG09921014,EZG09921015,75.298,能走车,,
EZG09921014,EZG09931013,73.577,能走车,,
EZG09921014,EZG09931014,62.943,能走车,59.337,59.337
EZG09921015,EZG09921016,75.291,能走车,,
EZG09921015,EZG09931014,73.57,能走车,,
EZG09921015,EZG09931015,73.903,能走车,,
EZG09921016,EZG09921017,75.284,不能走车,,
EZG09921016,EZG09931015,73.563,能走车,,
EZG09921016,EZG09931016,73.917,不能走车,,
EZG09921017,EZG09921018,75.282,不能走车,,
EZG09921017,EZG09931016,74.197,不能走车,,
EZG09921018,EZG09921019,75.267,不能走车,,
EZG09921018,EZG09931018,73.952,不能走车,,
EZG09921019,EZG09921020,75.459,不能走车,,
EZG09921019,EZG09931018,73.545,不能走车,,
EZG09921019,EZG09931019,73.957,不能走车,,
EZG09921020,EZG09931019,74.375,能走车,,
EZG09930986,EZG09930987,86.516,不能走车,,
EZG09930986,EZG09940986,84.941,不能走车,,
EZG09930986,EZG09940987,84.45,不能走车,,
EZG09930987,EZG09930988,86.523,不能走车,,
EZG09930987,EZG09940987,84.798,不能走车,,
EZG09930987,EZG09940988,84.46,不能走车,,
EZG09930988,EZG09930989,86.529,不能走车,,
EZG09930988,EZG09940988,84.782,不能走车,,
EZG09930988,EZG09940989,84.47,不能走车,,
EZG09930989,EZG09930990,75.368,能走车,,
EZG09930989,EZG09940989,84.766,不能走车,,
EZG09930989,EZG09940990,73.58,能走车,,
EZG09930990,EZG09930991,75.373,能走车,,
EZG09930990,EZG09940990,73.815,能走车,,
EZG09930990,EZG09940991,73.589,能走车,,
EZG09930991,EZG09930992,75.376,能走车,,
EZG09930991,EZG09940991,73.801,能走车,,
EZG09930991,EZG09940992,73.599,能走车,,
EZG09930992,EZG09930993,75.38,能走车,,
EZG09930992,EZG09940992,73.788,能走车,,
EZG09930992,EZG09940993,73.609,能走车,,
EZG09930993,EZG09930994,75.383,能走车,,
EZG09930993,EZG09940993,73.775,能走车,,
EZG09930993,EZG09940994,84.526,不能走车,,
EZG09930994,EZG09930995,75.385,能走车,,
EZG09930994,EZG09940994,84.689,不能走车,,
EZG09930994,EZG09940995,84.538,不能走车,,
EZG09930995,EZG09930996,75.387,能走车,,
EZG09930995,EZG09940995,84.675,不能走车,,
EZG09930995,EZG09940996,84.55,不能走车,,
EZG09930996,EZG09930997,75.389,能走车,,
EZG09930996,EZG09940996,84.66,不能走车,,
EZG09930996,EZG09940997,84.563,不能走车,,
EZG09930997,EZG09930998,75.39,能走车,,
EZG09930997,EZG09940997,84.645,不能走车,,
EZG09930997,EZG09940998,84.576,不能走车,,
EZG09930998,EZG09930999,75.391,能走车,,
EZG09930998,EZG09940998,84.631,不能走车,,
EZG09930998,EZG09940999,84.59,不能走车,,
EZG09930999,EZG09931000,75.391,能走车,,
EZG09930999,EZG09940999,84.617,不能走车,,
EZG09930999,EZG09941000,84.603,不能走车,,
EZG09931000,EZG09931001,75.391,能走车,,
EZG09931000,EZG09941000,84.603,不能走车,,
EZG09931000,EZG09941001,84.617,不能走车,,
EZG09931001,EZG09931002,75.39,能走车,,
EZG09931001,EZG09941001,84.59,不能走车,,
EZG09931001,EZG09941002,73.711,能走车,,
EZG09931002,EZG09941002,73.663,能走车,,
EZG09931002,EZG09941003,73.791,能走车,,
EZG09931004,EZG09931005,75.385,能走车,,
EZG09931004,EZG09941004,73.701,能走车,,
EZG09931004,EZG09941005,73.749,能走车,,
EZG09931005,EZG09931006,75.479,能走车,,
EZG09931005,EZG09941005,73.63,能走车,,
EZG09931005,EZG09941006,73.762,能走车,,
EZG09931006,EZG09931007,75.38,能走车,,
EZG09931006,EZG09941006,73.619,能走车,,
EZG09931006,EZG09941007,73.775,能走车,,
EZG09931007,EZG09931008,75.376,能走车,,
EZG09931007,EZG09941007,73.609,能走车,,
EZG09931007,EZG09941008,73.788,能走车,,
EZG09931008,EZG09931009,75.373,能走车,,
EZG09931008,EZG09941008,73.599,能走车,,
EZG09931008,EZG09941009,73.801,能走车,,
EZG09931009,EZG09931010,75.368,能走车,,
EZG09931009,EZG09941009,73.589,能走车,,
EZG09931009,EZG09941010,73.815,能走车,,
EZG09931010,EZG09931011,75.364,能走车,,
EZG09931010,EZG09941010,73.58,能走车,,
EZG09931010,EZG09941011,73.829,能走车,,
EZG09931011,EZG09931012,75.358,能走车,,
EZG09931011,EZG09941011,73.571,能走车,,
EZG09931011,EZG09941012,73.842,能走车,,
EZG09931012,EZG09931013,75.353,能走车,,
EZG09931012,EZG09941012,73.562,能走车,,
EZG09931012,EZG09941013,73.856,能走车,,
EZG09931013,EZG09931014,75.347,能走车,,
EZG09931013,EZG09941013,73.553,能走车,,
EZG09931013,EZG09941014,73.87,能走车,,
EZG09931014,EZG09931015,75.34,能走车,,
EZG09931014,EZG09941014,73.545,能走车,,
EZG09931014,EZG09941015,62.938,能走车,55.026,55.026
EZG09931015,EZG09931016,75.333,不能走车,,
EZG09931015,EZG09941015,73.538,能走车,,
EZG09931015,EZG09941016,73.898,不能走车,,
EZG09931016,EZG09941016,73.531,不能走车,,
EZG09931016,EZG09941017,74.867,不能走车,,
EZG09931018,EZG09931019,75.309,不能走车,,
EZG09931018,EZG09941018,73.891,不能走车,,
EZG09931018,EZG09941019,73.939,不能走车,,
EZG09931019,EZG09941019,73.666,不能走车,39.495,39.495
EZG09940986,EZG09940987,86.561,不能走车,,
EZG09940986,EZG09950986,85.163,不能走车,,
EZG09940987,EZG09940988,86.567,不能走车,,
EZG09940987,EZG09950986,84.791,不能走车,,
EZG09940987,EZG09950987,84.427,不能走车,,
EZG09940988,EZG09940989,86.573,不能走车,,
EZG09940988,EZG09950987,84.775,不能走车,,
EZG09940988,EZG09950988,84.437,不能走车,,
EZG09940989,EZG09940990,86.579,不能走车,,
EZG09940989,EZG09950988,84.759,不能走车,,
EZG09940989,EZG09950989,84.448,不能走车,,
EZG09940990,EZG09940991,75.412,能走车,,
EZG09940990,EZG09950989,84.743,不能走车,,
EZG09940990,EZG09950990,84.459,不能走车,,
EZG09940991,EZG09940992,75.415,能走车,,
EZG09940991,EZG09950990,84.727,不能走车,,
EZG09940991,EZG09950991,84.471,不能走车,,
EZG09940992,EZG09940993,75.419,能走车,,
EZG09940992,EZG09950991,84.711,不能走车,,
EZG09940992,EZG09950992,84.483,不能走车,,
EZG09940993,EZG09940994,86.596,不能走车,,
EZG09940993,EZG09950992,84.695,不能走车,,
EZG09940993,EZG09950993,84.495,不能走车,,
EZG09940994,EZG09940995,86.599,不能走车,,
EZG09940994,EZG09950993,84.68,不能走车,,
EZG09940994,EZG09950994,84.508,不能走车,,
EZG09940995,EZG09940996,86.601,不能走车,,
EZG09940995,EZG09950994,84.664,不能走车,,
EZG09940995,EZG09950995,84.521,不能走车,,
EZG09940996,EZG09940997,86.603,不能走车,,
EZG09940996,EZG09950995,84.649,不能走车,,
EZG09940996,EZG09950996,84.534,不能走车,,
EZG09940997,EZG09940998,86.605,不能走车,,
EZG09940997,EZG09950996,84.634,不能走车,,
EZG09940997,EZG09950997,84.547,不能走车,,
EZG09940998,EZG09940999,86.606,不能走车,,
EZG09940998,EZG09950997,84.619,不能走车,34.572,34.572
EZG09940998,EZG09950998,84.561,不能走车,21.674,21.674
EZG09940999,EZG09941000,86.606,不能走车,,
EZG09940999,EZG09950998,84.604,不能走车,32.623,32.623
EZG09940999,EZG09950999,84.575,不能走车,22.972,22.972
EZG09941000,EZG09941001,86.606,不能走车,55.1,55.1
EZG09941000,EZG09950999,84.59,不能走车,32.62,32.62
EZG09941000,EZG09951000,84.59,不能走车,,
EZG09941001,EZG09941002,86.606,不能走车,55.766,55.766
EZG09941001,EZG09951000,84.575,不能走车,,
EZG09941001,EZG09951001,84.604,不能走车,,
EZG09941002,EZG09941003,65.26,能走车,53.743,53.743
EZG09941002,EZG09951001,85.667,不能走车,,
EZG09941003,EZG09941004,75.826,能走车,,
EZG09941003,EZG09951003,74.017,能走车,,
EZG09941004,EZG09941005,75.427,能走车,,
EZG09941004,EZG09951003,73.626,能走车,,
EZG09941004,EZG09951004,73.726,能走车,,
EZG09941005,EZG09941006,75.425,能走车,,
EZG09941005,EZG09951004,73.615,能走车,,
EZG09941005,EZG09951005,73.74,能走车,,
EZG09941006,EZG09941007,64.248,能走车,55.853,55.853
EZG09941006,EZG09951005,73.604,能走车,,
EZG09941006,EZG09951006,73.753,能走车,,
EZG09941007,EZG09941008,64.246,能走车,54.815,54.815
EZG09941007,EZG09951006,73.593,能走车,,
EZG09941007,EZG09951007,73.767,能走车,,
EZG09941008,EZG09941009,64.243,能走车,57.648,57.648
EZG09941008,EZG09951007,73.582,能走车,,
EZG09941008,EZG09951008,73.78,能走车,,
EZG09941009,EZG09941010,64.239,能走车,55.868,55.868
EZG09941009,EZG09951008,73.571,能走车,,
EZG09941009,EZG09951009,73.794,能走车,,
EZG09941010,EZG09941011,75.407,能走车,,
EZG09941010,EZG09951009,73.561,能走车,,
EZG09941010,EZG09951010,73.808,能走车,39.74,39.74
EZG09941011,EZG09941012,75.402,能走车,,
EZG09941011,EZG09951010,73.552,能走车,,
EZG09941011,EZG09951011,73.822,能走车,,
EZG09941012,EZG09941013,75.397,能走车,,
EZG09941012,EZG09951011,73.542,能走车,,
EZG09941012,EZG09951012,73.836,能走车,,
EZG09941013,EZG09941014,75.391,能走车,,
EZG09941013,EZG09951012,73.533,能走车,,
EZG09941013,EZG09951013,73.851,能走车,,
EZG09941014,EZG09941015,75.385,能走车,,
EZG09941014,EZG09951013,73.524,能走车,,
EZG09941014,EZG09951014,73.865,能走车,,
EZG09941015,EZG09941016,75.379,不能走车,57.802,57.802
EZG09941015,EZG09951014,73.516,能走车,,
EZG09941015,EZG09951015,73.879,能走车,,
EZG09941016,EZG09941017,75.372,不能走车,55.545,55.545
EZG09941016,EZG09951015,73.508,不能走车,,
EZG09941016,EZG09951016,73.894,不能走车,,
EZG09941017,EZG09941018,75.603,不能走车,55.534,55.534
EZG09941017,EZG09951016,73.5,不能走车,,
EZG09941017,EZG09951017,73.908,不能走车,,
EZG09941018,EZG09941019,75.356,不能走车,51.351,51.351
EZG09941018,EZG09951017,73.493,不能走车,,
EZG09941018,EZG09951018,73.922,不能走车,,
EZG09941019,EZG09951018,74.679,不能走车,,
EZG09950986,EZG09950987,86.608,不能走车,,
EZG09950986,EZG09960986,85.688,不能走车,,
EZG09950986,EZG09960987,84.395,不能走车,,
EZG09950987,EZG09950988,86.614,不能走车,,
EZG09950987,EZG09960987,84.77,不能走车,,
EZG09950987,EZG09960988,84.406,不能走车,,
EZG09950988,EZG09950989,86.619,不能走车,,
EZG09950988,EZG09960988,84.754,不能走车,,
EZG09950988,EZG09960989,84.418,不能走车,,
EZG09950989,EZG09950990,86.624,不能走车,,
EZG09950989,EZG09960989,84.737,不能走车,,
EZG09950989,EZG09960990,84.429,不能走车,,
EZG09950990,EZG09950991,86.629,不能走车,,
EZG09950990,EZG09960990,84.721,不能走车,,
EZG09950990,EZG09960991,84.441,不能走车,,
EZG09950991,EZG09950992,86.633,不能走车,,
EZG09950991,EZG09960991,84.704,不能走车,,
EZG09950991,EZG09960992,84.454,不能走车,,
EZG09950992,EZG09950993,86.637,不能走车,,
EZG09950992,EZG09960992,84.688,不能走车,,
EZG09950992,EZG09960993,84.466,不能走车,,
EZG09950993,EZG09950994,86.64,不能走车,,
EZG09950993,EZG09960993,84.672,不能走车,,
EZG09950993,EZG09960994,84.48,不能走车,,
EZG09950994,EZG09950995,86.642,不能走车,,
EZG09950994,EZG09960994,84.656,不能走车,,
EZG09950994,EZG09960995,84.493,不能走车,,
EZG09950995,EZG09950996,86.645,不能走车,52.89,52.89
EZG09950995,EZG09960995,84.64,不能走车,33.023,33.023
EZG09950995,EZG09960996,84.506,不能走车,,
EZG09950996,EZG09950997,86.646,不能走车,56.004,56.004
EZG09950996,EZG09960996,84.624,不能走车,,
EZG09950996,EZG09960997,84.52,不能走车,,
EZG09950997,EZG09950998,86.647,不能走车,,
EZG09950997,EZG09960997,84.609,不能走车,,
EZG09950997,EZG09960998,84.535,不能走车,,
EZG09950998,EZG09950999,86.648,不能走车,,
EZG09950998,EZG09960998,84.594,不能走车,,
EZG09950998,EZG09960999,84.549,不能走车,,
EZG09950999,EZG09951000,86.648,不能走车,,
EZG09950999,EZG09960999,84.578,不能走车,,
EZG09950999,EZG09961000,84.564,不能走车,,
EZG09951000,EZG09951001,86.648,不能走车,,
EZG09951000,EZG09961000,84.564,不能走车,,
EZG09951000,EZG09961001,84.578,不能走车,,
EZG09951001,EZG09961001,84.549,不能走车,,
EZG09951001,EZG09961002,84.597,不能走车,,
EZG09951003,EZG09951004,75.465,能走车,,
EZG09951003,EZG09961003,84.923,不能走车,,
EZG09951003,EZG09961004,73.705,能走车,,
EZG09951004,EZG09951005,75.463,能走车,,
EZG09951004,EZG09961004,73.602,能走车,,
EZG09951004,EZG09961005,73.719,能走车,,
EZG09951005,EZG09951006,75.46,能走车,,
EZG09951005,EZG09961005,73.591,能走车,,
EZG09951005,EZG09961006,73.732,能走车,,
EZG09951006,EZG09951007,75.539,能走车,,
EZG09951006,EZG09961006,73.791,能走车,,
EZG09951007,EZG09951008,75.455,能走车,,
EZG09951007,EZG09961008,73.787,能走车,,
EZG09951008,EZG09951009,75.451,能走车,,
EZG09951008,EZG09961008,73.557,能走车,,
EZG09951008,EZG09961009,73.775,能走车,,
EZG09951009,EZG09951010,75.447,能走车,,
EZG09951009,EZG09961009,73.546,能走车,,
EZG09951009,EZG09961010,73.789,能走车,,
EZG09951010,EZG09951011,75.443,能走车,51.71,51.71
EZG09951010,EZG09961010,73.535,能走车,,
EZG09951010,EZG09961011,73.803,能走车,,
EZG09951011,EZG09951012,75.438,能走车,,
EZG09951011,EZG09961011,62.632,能走车,,
EZG09951011,EZG09961012,62.882,能走车,50.588,50.588
EZG09951012,EZG09951013,75.433,能走车,,
EZG09951012,EZG09961012,73.515,能走车,,
EZG09951012,EZG09961013,73.832,能走车,,
EZG09951013,EZG09951014,75.427,能走车,,
EZG09951013,EZG09961013,73.506,能走车,,
EZG09951013,EZG09961014,73.847,能走车,,
EZG09951014,EZG09951015,75.421,能走车,,
EZG09951014,EZG09961014,73.496,能走车,,
EZG09951014,EZG09961015,73.862,能走车,,
EZG09951015,EZG09951016,75.414,能走车,,
EZG09951015,EZG09961015,73.488,能走车,,
EZG09951015,EZG09961016,73.876,能走车,,
EZG09951016,EZG09951017,75.407,能走车,,
EZG09951016,EZG09961016,73.479,能走车,,
EZG09951016,EZG09961017,73.891,能走车,,
EZG09951017,EZG09951018,75.4,能走车,,
EZG09951017,EZG09961017,73.471,能走车,,
EZG09951017,EZG09961018,73.906,能走车,,
EZG09951018,EZG09961018,73.648,能走车,,
EZG09960986,EZG09960987,86.645,不能走车,,
EZG09960986,EZG09970986,84.793,不能走车,,
EZG09960987,EZG09960988,86.651,不能走车,,
EZG09960987,EZG09970986,84.768,不能走车,,
EZG09960987,EZG09970987,84.377,不能走车,,
EZG09960988,EZG09960989,86.656,不能走车,,
EZG09960988,EZG09970987,84.75,不能走车,,
EZG09960988,EZG09970988,84.389,不能走车,,
EZG09960989,EZG09960990,86.661,不能走车,,
EZG09960989,EZG09970988,84.733,不能走车,,
EZG09960989,EZG09970989,84.401,不能走车,,
EZG09960990,EZG09960991,86.666,不能走车,,
EZG09960990,EZG09970989,84.716,不能走车,,
EZG09960990,EZG09970990,84.414,不能走车,,
EZG09960991,EZG09960992,86.67,不能走车,,
EZG09960991,EZG09970990,84.7,不能走车,,
EZG09960991,EZG09970991,84.426,不能走车,,
EZG09960992,EZG09960993,86.674,不能走车,,
EZG09960992,EZG09970991,84.683,不能走车,,
EZG09960992,EZG09970992,84.439,不能走车,,
EZG09960993,EZG09960994,86.677,不能走车,,
EZG09960993,EZG09970992,84.666,不能走车,,
EZG09960993,EZG09970993,84.453,不能走车,,
EZG09960994,EZG09960995,86.68,不能走车,,
EZG09960994,EZG09970993,84.65,不能走车,,
EZG09960994,EZG09970994,84.467,不能走车,,
EZG09960995,EZG09960996,86.682,不能走车,,
EZG09960995,EZG09970994,84.633,不能走车,,
EZG09960995,EZG09970995,84.481,不能走车,,
EZG09960996,EZG09960997,86.684,不能走车,,
EZG09960996,EZG09970995,84.617,不能走车,,
EZG09960996,EZG09970996,84.495,不能走车,,
EZG09960997,EZG09960998,86.685,不能走车,,
EZG09960997,EZG09970996,84.601,不能走车,,
EZG09960997,EZG09970997,84.509,不能走车,,
EZG09960998,EZG09960999,86.686,不能走车,,
EZG09960998,EZG09970997,84.585,不能走车,,
EZG09960998,EZG09970998,84.524,不能走车,,
EZG09960999,EZG09961000,86.687,不能走车,,
EZG09960999,EZG09970998,84.57,不能走车,,
EZG09960999,EZG09970999,84.539,不能走车,,
EZG09961000,EZG09961001,86.687,不能走车,,
EZG09961000,EZG09970999,84.554,不能走车,,
EZG09961000,EZG09971000,84.554,不能走车,,
EZG09961001,EZG09961002,86.686,不能走车,,
EZG09961001,EZG09971000,84.539,不能走车,,
EZG09961001,EZG09971001,84.57,不能走车,,
EZG09961002,EZG09961003,86.709,不能走车,,
EZG09961002,EZG09971001,84.524,不能走车,,
EZG09961002,EZG09971002,84.585,不能走车,,
EZG09961003,EZG09961004,86.684,不能走车,,
EZG09961003,EZG09971002,84.509,不能走车,,
EZG09961003,EZG09971003,84.601,不能走车,,
EZG09961004,EZG09961005,75.497,能走车,,
EZG09961004,EZG09971003,73.592,能走车,,
EZG09961004,EZG09971004,73.699,能走车,,
EZG09961005,EZG09961006,75.495,能走车,,
EZG09961005,EZG09971004,73.58,能走车,,
EZG09961005,EZG09971005,73.713,能走车,,
EZG09961006,EZG09971005,73.568,能走车,,
EZG09961006,EZG09971006,62.852,能走车,,
EZG09961008,EZG09961009,65.28,能走车,,
EZG09961008,EZG09971007,62.656,能走车,,
EZG09961009,EZG09961010,64.3,能走车,,
EZG09961009,EZG09971009,63.522,能走车,,
EZG09961010,EZG09961011,64.297,能走车,,
EZG09961010,EZG09971009,62.629,能走车,,
EZG09961010,EZG09971010,62.854,能走车,,
EZG09961011,EZG09961012,64.293,能走车,,
EZG09961011,EZG09971010,62.62,能走车,,
EZG09961011,EZG09971011,62.867,能走车,,
EZG09961012,EZG09961013,64.289,能走车,45.936,45.936
EZG09961012,EZG09971011,62.611,能走车,,
EZG09961012,EZG09971012,62.879,能走车,,
EZG09961013,EZG09961014,64.285,能走车,54.633,54.633
EZG09961013,EZG09971012,62.602,能走车,,
EZG09961013,EZG09971013,62.892,能走车,,
EZG09961014,EZG09961015,75.459,能走车,,
EZG09961014,EZG09971013,62.594,能走车,,
EZG09961014,EZG09971014,73.845,能走车,52.747,52.747
EZG09961015,EZG09961016,75.453,能走车,,
EZG09961015,EZG09971014,73.47,能走车,,
EZG09961015,EZG09971015,73.86,能走车,,
EZG09961016,EZG09961017,75.446,能走车,,
EZG09961016,EZG09971015,73.461,能走车,,
EZG09961016,EZG09971016,73.875,能走车,,
EZG09961017,EZG09961018,75.439,能走车,,
EZG09961017,EZG09971016,73.452,能走车,,
EZG09961017,EZG09971017,73.89,能走车,,
EZG09961018,EZG09971017,73.451,能走车,,
EZG09970986,EZG09970987,86.683,不能走车,,
EZG09970986,EZG09980987,84.398,不能走车,,
EZG09970987,EZG09970988,86.689,不能走车,,
EZG09970987,EZG09980987,84.749,不能走车,,
EZG09970987,EZG09980988,84.362,不能走车,,
EZG09970988,EZG09970989,86.694,不能走车,,
EZG09970988,EZG09980988,84.732,不能走车,,
EZG09970988,EZG09980989,84.375,不能走车,,
EZG09970989,EZG09970990,86.699,不能走车,,
EZG09970989,EZG09980989,84.714,不能走车,,
EZG09970989,EZG09980990,84.388,不能走车,,
EZG09970990,EZG09970991,86.703,不能走车,,
EZG09970990,EZG09980990,84.697,不能走车,,
EZG09970990,EZG09980991,84.401,不能走车,,
EZG09970991,EZG09970992,86.855,不能走车,,
EZG09970991,EZG09980991,84.904,不能走车,,
EZG09970992,EZG09970993,86.71,不能走车,,
EZG09970992,EZG09980993,84.692,不能走车,,
EZG09970993,EZG09970994,86.713,不能走车,,
EZG09970993,EZG09980993,84.646,不能走车,,
EZG09970993,EZG09980994,84.442,不能走车,,
EZG09970994,EZG09970995,86.715,不能走车,,
EZG09970994,EZG09980994,84.629,不能走车,,
EZG09970994,EZG09980995,84.456,不能走车,,
EZG09970995,EZG09970996,86.717,不能走车,,
EZG09970995,EZG09980995,84.612,不能走车,,
EZG09970995,EZG09980996,84.471,不能走车,,
EZG09970996,EZG09970997,86.719,不能走车,,
EZG09970996,EZG09980996,84.596,不能走车,,
EZG09970996,EZG09980997,84.486,不能走车,,
EZG09970997,EZG09970998,86.72,不能走车,,
EZG09970997,EZG09980997,84.58,不能走车,,
EZG09970997,EZG09980998,84.501,不能走车,,
EZG09970998,EZG09970999,86.72,不能走车,,
EZG09970998,EZG09980998,84.564,不能走车,,
EZG09970998,EZG09980999,84.516,不能走车,,
EZG09970999,EZG09971000,86.721,不能走车,,
EZG09970999,EZG09980999,84.548,不能走车,,
EZG09970999,EZG09981000,84.532,不能走车,,
EZG09971000,EZG09971001,86.72,不能走车,,
EZG09971000,EZG09981000,84.532,不能走车,,
EZG09971000,EZG09981001,84.548,不能走车,,
EZG09971001,EZG09971002,86.72,不能走车,,
EZG09971001,EZG09981001,84.516,不能走车,,
EZG09971001,EZG09981002,84.564,不能走车,,
EZG09971002,EZG09971003,86.719,不能走车,,
EZG09971002,EZG09981002,84.501,不能走车,,
EZG09971002,EZG09981003,84.58,不能走车,,
EZG09971003,EZG09971004,75.528,能走车,,
EZG09971003,EZG09981003,73.584,能走车,,
EZG09971003,EZG09981004,73.68,能走车,,
EZG09971004,EZG09971005,75.526,能走车,,
EZG09971004,EZG09981004,73.572,能走车,,
EZG09971004,EZG09981005,73.695,能走车,,
EZG09971005,EZG09971006,75.578,能走车,,
EZG09971005,EZG09981005,74.619,能走车,,
EZG09971006,EZG09971007,64.38,能走车,,
EZG09971006,EZG09981007,62.85,能走车,,
EZG09971007,EZG09981007,62.64,能走车,,
EZG09971007,EZG09981008,65.071,能走车,,
EZG09971009,EZG09971010,64.325,能走车,,
EZG09971009,EZG09981009,63.589,能走车,,
EZG09971009,EZG09981010,62.84,能走车,,
EZG09971010,EZG09971011,64.321,能走车,,
EZG09971010,EZG09981010,62.61,能走车,,
EZG09971010,EZG09981011,62.852,能走车,,
EZG09971011,EZG09971012,64.318,能走车,,
EZG09971011,EZG09981011,62.601,能走车,,
EZG09971011,EZG09981012,62.865,能走车,,
EZG09971012,EZG09971013,64.314,能走车,,
EZG09971012,EZG09981012,62.591,能走车,,
EZG09971012,EZG09981013,62.878,能走车,,
EZG09971013,EZG09971014,75.493,能走车,,
EZG09971013,EZG09981013,62.582,能走车,,
EZG09971013,EZG09981014,73.829,能走车,,
EZG09971014,EZG09971015,75.488,能走车,37.472,37.472
EZG09971014,EZG09981014,73.456,能走车,,
EZG09971014,EZG09981015,73.844,能走车,,
EZG09971015,EZG09971016,75.482,能走车,,
EZG09971015,EZG09981015,73.446,能走车,11.988,11.988
EZG09971015,EZG09981016,73.86,能走车,,
EZG09971016,EZG09971017,75.475,能走车,,
EZG09971016,EZG09981016,73.436,能走车,,
EZG09971016,EZG09981017,73.875,能走车,,
EZG09971017,EZG09981017,73.449,能走车,,
EZG09980987,EZG09980988,86.718,不能走车,,
EZG09980987,EZG09990987,84.383,不能走车,,
EZG09980988,EZG09980989,86.723,不能走车,,
EZG09980988,EZG09990987,84.732,不能走车,,
EZG09980988,EZG09990988,84.35,不能走车,,
EZG09980989,EZG09980990,86.728,不能走车,,
EZG09980989,EZG09990988,84.714,不能走车,,
EZG09980989,EZG09990989,84.363,不能走车,,
EZG09980990,EZG09980991,75.541,能走车,,
EZG09980990,EZG09990989,73.768,能走车,,
EZG09980990,EZG09990990,73.49,能走车,,
EZG09980991,EZG09990990,73.752,能走车,,
EZG09980991,EZG09990991,74.1,能走车,,
EZG09980993,EZG09980994,75.549,能走车,,
EZG09980993,EZG09990992,73.775,能走车,,
EZG09980993,EZG09990993,73.527,能走车,,
EZG09980994,EZG09980995,75.551,能走车,,
EZG09980994,EZG09990993,73.707,能走车,,
EZG09980994,EZG09990994,73.539,能走车,,
EZG09980995,EZG09980996,64.36,能走车,,
EZG09980995,EZG09990994,73.692,能走车,35.141,35.141
EZG09980995,EZG09990995,62.656,能走车,24.064,24.064
EZG09980996,EZG09980997,64.361,能走车,,
EZG09980996,EZG09990995,62.762,能走车,31.732,31.732
EZG09980996,EZG09990996,62.667,能走车,24.063,24.063
EZG09980997,EZG09980998,64.362,能走车,,
EZG09980997,EZG09990996,62.75,能走车,29.587,29.587
EZG09980997,EZG09990997,62.678,能走车,29.292,29.292
EZG09980998,EZG09980999,64.363,能走车,,
EZG09980998,EZG09990997,62.738,能走车,24.235,24.235
EZG09980998,EZG09990998,62.69,能走车,37.257,37.257
EZG09980999,EZG09981000,64.363,能走车,,
EZG09980999,EZG09990998,62.726,能走车,,
EZG09980999,EZG09990999,62.702,能走车,,
EZG09981000,EZG09981001,75.557,能走车,,
EZG09981000,EZG09990999,62.714,能走车,,
EZG09981000,EZG09991000,62.714,能走车,,
EZG09981001,EZG09981002,76.183,能走车,30.309,30.309
EZG09981001,EZG09991000,74.154,能走车,,
EZG09981002,EZG09981003,75.556,能走车,,
EZG09981002,EZG09991002,74.101,能走车,45.241,45.241
EZG09981003,EZG09981004,76.476,能走车,,
EZG09981003,EZG09991002,74.2,能走车,,
EZG09981004,EZG09981005,76.364,能走车,,
EZG09981005,EZG09991005,75.52,能走车,,
EZG09981007,EZG09981008,64.894,能走车,,
EZG09981007,EZG10001007,107.763,能走车,,
EZG09981008,EZG09981009,64.36,能走车,,
EZG09981008,EZG09991008,63.104,能走车,,
EZG09981009,EZG09981010,64.379,能走车,,
EZG09981009,EZG09991008,62.653,能走车,,
EZG09981010,EZG09981011,64.346,能走车,,
EZG09981010,EZG09991010,63.558,能走车,,
EZG09981011,EZG09981012,64.343,能走车,,
EZG09981011,EZG09991010,62.592,能走车,,
EZG09981011,EZG09991011,62.852,能走车,,
EZG09981012,EZG09981013,64.339,能走车,,
EZG09981012,EZG09991011,62.582,能走车,,
EZG09981012,EZG09991012,62.865,能走车,,
EZG09981013,EZG09981014,75.524,能走车,,
EZG09981013,EZG09991012,62.573,能走车,,
EZG09981013,EZG09991013,62.879,能走车,,
EZG09981014,EZG09981015,75.518,能走车,,
EZG09981014,EZG09991013,73.444,能走车,,
EZG09981014,EZG09991014,73.83,能走车,,
EZG09981015,EZG09981016,75.513,能走车,43.712,43.712
EZG09981015,EZG09991014,73.434,能走车,,
EZG09981015,EZG09991015,73.845,能走车,,
EZG09981016,EZG09981017,75.507,能走车,,
EZG09981016,EZG09991015,73.423,能走车,,
EZG09981016,EZG09991016,73.861,能走车,51.361,51.361
EZG09981017,EZG09991016,73.681,能走车,,
EZG09990987,EZG09990988,86.748,不能走车,,
EZG09990987,EZG10000988,84.747,不能走车,,
EZG09990988,EZG09990989,86.752,不能走车,,
EZG09990988,EZG10000988,84.715,不能走车,,
EZG09990988,EZG10000989,84.341,不能走车,,
EZG09990989,EZG09990990,75.562,能走车,,
EZG09990989,EZG10000989,84.697,不能走车,,
EZG09990989,EZG10000990,73.471,能走车,,
EZG09990990,EZG09990991,75.565,能走车,,
EZG09990990,EZG10000990,73.753,能走车,,
EZG09990990,EZG10000991,73.483,能走车,,
EZG09990991,EZG09990992,75.832,能走车,,
EZG09990991,EZG10000991,73.738,能走车,,
EZG09990991,EZG10000992,73.496,能走车,,
EZG09990992,EZG09990993,75.571,能走车,52.402,52.402
EZG09990992,EZG10000992,73.722,能走车,43.505,43.505
EZG09990992,EZG10000993,73.508,能走车,,
EZG09990993,EZG09990994,75.573,能走车,53.828,53.828
EZG09990993,EZG10000993,73.707,能走车,,
EZG09990993,EZG10000994,73.521,能走车,,
EZG09990994,EZG09990995,75.575,能走车,,
EZG09990994,EZG10000994,73.692,能走车,,
EZG09990994,EZG10000995,73.535,能走车,,
EZG09990995,EZG09990996,64.38,能走车,,
EZG09990995,EZG10000995,73.677,能走车,,
EZG09990995,EZG10000996,73.548,能走车,,
EZG09990996,EZG09990997,64.381,能走车,,
EZG09990996,EZG10000996,73.662,能走车,,
EZG09990996,EZG10000997,73.562,能走车,,
EZG09990997,EZG09990998,64.382,能走车,,
EZG09990997,EZG10000997,73.647,能走车,,
EZG09990997,EZG10000998,73.576,能走车,,
EZG09990998,EZG09990999,64.382,能走车,53.255,53.255
EZG09990998,EZG10000998,73.633,能走车,,
EZG09990998,EZG10000999,73.59,能走车,,
EZG09990999,EZG09991000,64.382,能走车,55.595,55.595
EZG09990999,EZG10000999,73.618,能走车,,
EZG09990999,EZG10001000,73.604,能走车,,
EZG09991000,EZG10001000,73.604,能走车,,
EZG09991000,EZG10001001,63.628,能走车,54.034,54.034
EZG09991002,EZG10001003,75.416,能走车,,
EZG09991005,EZG10001005,74.278,能走车,,
EZG09991005,EZG10001006,73.707,能走车,,
EZG09991008,EZG10001008,62.612,能走车,,
EZG09991010,EZG09991011,64.365,能走车,,
EZG09991010,EZG10001010,63.766,能走车,,
EZG09991010,EZG10001011,62.84,能走车,,
EZG09991011,EZG09991012,64.361,能走车,,
EZG09991011,EZG10001011,62.576,能走车,,
EZG09991011,EZG10001012,62.853,能走车,,
EZG09991012,EZG09991013,64.358,能走车,,
EZG09991012,EZG10001012,62.566,能走车,,
EZG09991012,EZG10001013,62.867,能走车,,
EZG09991013,EZG09991014,75.545,能走车,,
EZG09991013,EZG10001013,62.556,能走车,,
EZG09991013,EZG10001014,73.816,能走车,,
EZG09991014,EZG09991015,75.54,能走车,,
EZG09991014,EZG10001014,73.424,能走车,,
EZG09991014,EZG10001015,73.832,能走车,,
EZG09991015,EZG09991016,75.558,能走车,,
EZG09991015,EZG10001015,73.441,能走车,,
EZG10000988,EZG10000989,86.773,不能走车,,
EZG10000988,EZG10010988,85.486,不能走车,,
EZG10000989,EZG10000990,86.777,不能走车,,
EZG10000989,EZG10010988,84.7,不能走车,,
EZG10000989,EZG10010989,84.335,不能走车,,
EZG10000990,EZG10000991,75.583,能走车,,
EZG10000990,EZG10010989,73.755,能走车,,
EZG10000990,EZG10010990,73.466,能走车,,
EZG10000991,EZG10000992,75.586,能走车,,
EZG10000991,EZG10010990,73.74,能走车,,
EZG10000991,EZG10010991,73.479,能走车,,
EZG10000992,EZG10000993,75.589,能走车,,
EZG10000992,EZG10010991,73.724,能走车,,
EZG10000992,EZG10010992,73.492,能走车,,
EZG10000993,EZG10000994,75.591,能走车,,
EZG10000993,EZG10010992,73.709,能走车,,
EZG10000993,EZG10010993,73.505,能走车,,
EZG10000994,EZG10000995,75.593,能走车,,
EZG10000994,EZG10010993,73.693,能走车,,
EZG10000994,EZG10010994,73.519,能走车,,
EZG10000995,EZG10000996,75.595,能走车,,
EZG10000995,EZG10010994,73.678,能走车,,
EZG10000995,EZG10010995,73.532,能走车,,
EZG10000996,EZG10000997,75.596,能走车,,
EZG10000996,EZG10010995,73.663,能走车,,
EZG10000996,EZG10010996,73.546,能走车,,
EZG10000997,EZG10000998,75.597,能走车,,
EZG10000997,EZG10010996,73.648,能走车,,
EZG10000997,EZG10010997,73.56,能走车,,
EZG10000998,EZG10000999,75.598,能走车,,
EZG10000998,EZG10010997,73.633,能走车,,
EZG10000998,EZG10010998,73.574,能走车,,
EZG10000999,EZG10001000,75.598,能走车,,
EZG10000999,EZG10010998,73.618,能走车,,
EZG10000999,EZG10010999,73.589,能走车,,
EZG10001000,EZG10001001,75.598,能走车,,
EZG10001000,EZG10010999,73.603,能走车,,
EZG10001000,EZG10011000,73.603,能走车,,
EZG10001001,EZG10011000,73.589,能走车,,
EZG10001001,EZG10011001,62.72,能走车,54.406,54.406
EZG10001003,EZG10001004,75.598,能走车,55.319,55.319
EZG10001003,EZG10011002,85.092,不能走车,,
EZG10001003,EZG10011003,84.558,不能走车,,
EZG10001004,EZG10001005,64.454,能走车,55.895,55.895
EZG10001004,EZG10011003,84.442,不能走车,,
EZG10001004,EZG10011004,84.576,不能走车,,
EZG10001005,EZG10001006,64.394,能走车,54.043,54.043
EZG10001005,EZG10011004,84.426,不能走车,,
EZG10001005,EZG10011005,84.593,不能走车,,
EZG10001006,EZG10001007,65.338,能走车,,
EZG10001006,EZG10011005,84.41,不能走车,,
EZG10001006,EZG10011006,62.776,能走车,49.118,49.118
EZG10001007,EZG10001008,64.405,能走车,,
EZG10001007,EZG10011006,62.616,能走车,,
EZG10001007,EZG10011007,62.789,能走车,,
EZG10001008,EZG10011007,62.604,能走车,,
EZG10001008,EZG10011008,62.987,能走车,,
EZG10001010,EZG10001011,64.383,能走车,,
EZG10001010,EZG10011009,62.583,能走车,,
EZG10001010,EZG10011010,62.829,能走车,,
EZG10001011,EZG10001012,64.38,能走车,,
EZG10001011,EZG10011010,62.571,能走车,,
EZG10001011,EZG10011011,62.842,能走车,,
EZG10001012,EZG10001013,64.377,能走车,,
EZG10001012,EZG10011011,62.561,能走车,,
EZG10001012,EZG10011012,62.856,能走车,,
EZG10001013,EZG10001014,75.568,能走车,,
EZG10001013,EZG10011012,62.551,能走车,,
EZG10001013,EZG10011013,73.803,能走车,,
EZG10001014,EZG10001015,75.564,能走车,,
EZG10001014,EZG10011013,73.417,能走车,,
EZG10001014,EZG10011014,73.819,能走车,,
EZG10001015,EZG10011014,73.657,能走车,,
EZG10010988,EZG10010989,86.794,不能走车,,
EZG10010988,EZG10020989,85.646,不能走车,,
EZG10010989,EZG10010990,75.598,能走车,,
EZG10010989,EZG10020989,84.687,不能走车,,
EZG10010989,EZG10020990,73.451,能走车,,
EZG10010990,EZG10010991,75.601,能走车,,
EZG10010990,EZG10020990,73.743,能走车,,
EZG10010990,EZG10020991,73.464,能走车,,
EZG10010991,EZG10010992,75.603,能走车,,
EZG10010991,EZG10020991,73.728,能走车,,
EZG10010991,EZG10020992,73.477,能走车,,
EZG10010992,EZG10010993,75.605,能走车,,
EZG10010992,EZG10020992,73.712,能走车,,
EZG10010992,EZG10020993,73.491,能走车,,
EZG10010993,EZG10010994,75.607,能走车,,
EZG10010993,EZG10020993,73.696,能走车,,
EZG10010993,EZG10020994,73.504,能走车,,
EZG10010994,EZG10010995,75.609,能走车,,
EZG10010994,EZG10020994,73.681,能走车,,
EZG10010994,EZG10020995,73.518,能走车,,
EZG10010995,EZG10010996,75.61,能走车,,
EZG10010995,EZG10020995,73.665,能走车,,
EZG10010995,EZG10020996,73.532,能走车,,
EZG10010996,EZG10010997,75.611,能走车,,
EZG10010996,EZG10020996,73.65,能走车,,
EZG10010996,EZG10020997,73.547,能走车,,
EZG10010997,EZG10010998,75.612,能走车,,
EZG10010997,EZG10020997,73.635,能走车,,
EZG10010997,EZG10020998,73.561,能走车,,
EZG10010998,EZG10010999,75.613,能走车,,
EZG10010998,EZG10020998,73.62,能走车,,
EZG10010998,EZG10020999,73.575,能走车,,
EZG10010999,EZG10011000,75.613,能走车,,
EZG10010999,EZG10020999,73.605,能走车,,
EZG10010999,EZG10021000,73.59,能走车,,
EZG10011000,EZG10011001,75.613,能走车,,
EZG10011000,EZG10021000,73.59,能走车,,
EZG10011000,EZG10021001,73.605,能走车,,
EZG10011001,EZG10011002,87.182,不能走车,,
EZG10011001,EZG10021001,73.575,能走车,,
EZG10011001,EZG10021002,84.526,不能走车,61.28,61.28
EZG10011002,EZG10011003,87.155,不能走车,,
EZG10011002,EZG10021002,84.566,不能走车,,
EZG10011003,EZG10011004,86.812,不能走车,,
EZG10011003,EZG10021004,85.124,不能走车,,
EZG10011004,EZG10011005,86.81,不能走车,,
EZG10011004,EZG10021004,84.426,不能走车,,
EZG10011004,EZG10021005,84.579,不能走车,,
EZG10011005,EZG10011006,86.808,不能走车,,
EZG10011005,EZG10021005,84.41,不能走车,,
EZG10011005,EZG10021006,84.596,不能走车,,
EZG10011006,EZG10011007,64.449,能走车,,
EZG10011006,EZG10021006,62.654,能走车,,
EZG10011007,EZG10011008,64.403,能走车,,
EZG10011007,EZG10021008,63.095,能走车,,
EZG10011008,EZG10011009,64.527,能走车,,
EZG10011008,EZG10021008,62.592,能走车,,
EZG10011008,EZG10021009,62.805,能走车,,
EZG10011009,EZG10011010,64.398,能走车,,
EZG10011009,EZG10021009,62.58,能走车,,
EZG10011009,EZG10021010,62.818,能走车,,
EZG10011010,EZG10011011,64.399,能走车,,
EZG10011010,EZG10021010,63.383,能走车,,
EZG10011011,EZG10011012,64.392,能走车,,
EZG10011011,EZG10021012,62.91,能走车,,
EZG10011012,EZG10011013,75.587,能走车,,
EZG10011012,EZG10021012,62.548,能走车,,
EZG10011012,EZG10021013,62.859,能走车,,
EZG10011013,EZG10011014,75.583,能走车,,
EZG10011013,EZG10021013,73.413,能走车,,
EZG10011013,EZG10021014,73.807,能走车,,
EZG10011014,EZG10021014,73.401,能走车,,
EZG10011014,EZG10021015,75.191,能走车,,
EZG10020989,EZG10020990,86.81,不能走车,,
EZG10020989,EZG10030989,85.195,不能走车,,
EZG10020990,EZG10020991,75.611,能走车,,
EZG10020990,EZG10030989,84.674,不能走车,,
EZG10020990,EZG10030990,73.451,能走车,,
EZG10020991,EZG10020992,75.614,能走车,,
EZG10020991,EZG10030990,73.733,能走车,,
EZG10020991,EZG10030991,73.464,能走车,,
EZG10020992,EZG10020993,75.616,能走车,,
EZG10020992,EZG10030991,73.717,能走车,,
EZG10020992,EZG10030992,73.478,能走车,,
EZG10020993,EZG10020994,75.618,能走车,,
EZG10020993,EZG10030992,73.701,能走车,,
EZG10020993,EZG10030993,73.492,能走车,,
EZG10020994,EZG10020995,75.619,能走车,,
EZG10020994,EZG10030993,73.685,能走车,,
EZG10020994,EZG10030994,73.506,能走车,,
EZG10020995,EZG10020996,75.621,能走车,,
EZG10020995,EZG10030994,73.67,能走车,,
EZG10020995,EZG10030995,73.52,能走车,,
EZG10020996,EZG10020997,75.622,能走车,,
EZG10020996,EZG10030995,73.654,能走车,,
EZG10020996,EZG10030996,73.535,能走车,,
EZG10020997,EZG10020998,75.623,能走车,,
EZG10020997,EZG10030996,73.639,能走车,,
EZG10020997,EZG10030997,73.549,能走车,,
EZG10020998,EZG10020999,75.623,能走车,,
EZG10020998,EZG10030997,73.624,能走车,,
EZG10020998,EZG10030998,73.564,能走车,,
EZG10020999,EZG10021000,75.624,能走车,,
EZG10020999,EZG10030998,73.608,能走车,,
EZG10020999,EZG10030999,73.578,能走车,,
EZG10021000,EZG10021001,75.624,能走车,,
EZG10021000,EZG10030999,73.593,能走车,,
EZG10021000,EZG10031000,73.593,能走车,,
EZG10021001,EZG10021002,86.827,不能走车,,
EZG10021001,EZG10031000,73.578,能走车,,
EZG10021001,EZG10031001,73.608,能走车,,
EZG10021002,EZG10031001,84.462,不能走车,,
EZG10021002,EZG10031002,84.558,不能走车,53.362,53.362
EZG10021004,EZG10021005,86.824,不能走车,,
EZG10021004,EZG10031003,85.972,不能走车,,
EZG10021004,EZG10031004,84.566,不能走车,,
EZG10021005,EZG10021006,86.822,不能走车,,
EZG10021005,EZG10031004,84.412,不能走车,,
EZG10021005,EZG10031005,84.584,不能走车,,
EZG10021006,EZG10031005,84.396,不能走车,,
EZG10021006,EZG10031006,62.99,能走车,,
EZG10021008,EZG10021009,64.412,能走车,,
EZG10021008,EZG10031007,63.571,能走车,,
EZG10021008,EZG10031008,62.796,能走车,,
EZG10021009,EZG10021010,64.409,能走车,,
EZG10021009,EZG10031008,62.581,能走车,,
EZG10021009,EZG10031009,62.809,能走车,,
EZG10021010,EZG10031009,62.569,能走车,,
EZG10021010,EZG10031010,63.995,能走车,,
EZG10021012,EZG10021013,64.402,能走车,,
EZG10021012,EZG10031011,62.919,能走车,,
EZG10021012,EZG10031012,62.85,能走车,,
EZG10021013,EZG10021014,75.598,能走车,,
EZG10021013,EZG10031012,62.536,能走车,,
EZG10021013,EZG10031013,73.797,能走车,,
EZG10021014,EZG10021015,75.594,能走车,,
EZG10021014,EZG10031013,73.399,能走车,,
EZG10021014,EZG10031014,73.813,能走车,,
EZG10021015,EZG10031014,73.387,能走车,,
EZG10021015,EZG10031015,74.223,能走车,,
EZG10030989,EZG10030990,86.821,不能走车,,
EZG10030989,EZG10040990,84.692,不能走车,,
EZG10030990,EZG10030991,75.62,能走车,,
EZG10030990,EZG10040990,73.739,能走车,,
EZG10030990,EZG10040991,73.454,能走车,,
EZG10030991,EZG10030992,75.623,能走车,,
EZG10030991,EZG10040991,73.723,能走车,,
EZG10030991,EZG10040992,73.467,能走车,,
EZG10030992,EZG10030993,75.624,能走车,,
EZG10030992,EZG10040992,73.707,能走车,,
EZG10030992,EZG10040993,73.481,能走车,,
EZG10030993,EZG10030994,75.626,能走车,,
EZG10030993,EZG10040993,73.692,能走车,,
EZG10030993,EZG10040994,73.496,能走车,,
EZG10030994,EZG10030995,75.627,能走车,,
EZG10030994,EZG10040994,73.676,能走车,,
EZG10030994,EZG10040995,73.51,能走车,,
EZG10030995,EZG10030996,75.629,能走车,,
EZG10030995,EZG10040995,73.66,能走车,,
EZG10030995,EZG10040996,73.524,能走车,,
EZG10030996,EZG10030997,75.629,能走车,,
EZG10030996,EZG10040996,73.645,能走车,,
EZG10030996,EZG10040997,73.539,能走车,,
EZG10030997,EZG10030998,75.63,能走车,,
EZG10030997,EZG10040997,73.629,能走车,,
EZG10030997,EZG10040998,73.554,能走车,,
EZG10030998,EZG10030999,75.63,能走车,,
EZG10030998,EZG10040998,73.614,能走车,,
EZG10030998,EZG10040999,73.569,能走车,,
EZG10030999,EZG10031000,75.631,能走车,,
EZG10030999,EZG10040999,73.599,能走车,,
EZG10030999,EZG10041000,73.584,能走车,,
EZG10031000,EZG10031001,75.63,能走车,,
EZG10031000,EZG10041000,73.584,能走车,,
EZG10031000,EZG10041001,73.599,能走车,,
EZG10031001,EZG10031002,75.63,能走车,,
EZG10031001,EZG10041001,73.569,能走车,,
EZG10031001,EZG10041002,84.52,不能走车,,
EZG10031002,EZG10031003,87.701,不能走车,,
EZG10031002,EZG10041002,84.451,不能走车,,
EZG10031002,EZG10041003,62.721,能走车,53.909,53.909
EZG10031003,EZG10031004,86.833,不能走车,,
EZG10031003,EZG10041003,84.434,不能走车,,
EZG10031003,EZG10041004,84.555,不能走车,,
EZG10031004,EZG10031005,86.831,不能走车,,
EZG10031004,EZG10041004,84.417,不能走车,,
EZG10031004,EZG10041005,84.573,不能走车,,
EZG10031005,EZG10031006,86.83,不能走车,,
EZG10031005,EZG10041005,84.4,不能走车,,
EZG10031005,EZG10041006,84.591,不能走车,,
EZG10031006,EZG10031007,65.337,能走车,,
EZG10031006,EZG10041006,62.607,能走车,,
EZG10031006,EZG10041007,62.774,能走车,,
EZG10031007,EZG10031008,64.419,能走车,,
EZG10031007,EZG10041007,62.595,能走车,35.099,35.099
EZG10031007,EZG10041008,62.788,能走车,,
EZG10031008,EZG10031009,64.417,能走车,,
EZG10031008,EZG10041008,62.583,能走车,,
EZG10031008,EZG10041009,62.801,能走车,,
EZG10031009,EZG10031010,64.415,能走车,,
EZG10031009,EZG10041009,62.572,能走车,,
EZG10031009,EZG10041010,62.815,能走车,,
EZG10031010,EZG10031011,64.789,能走车,,
EZG10031010,EZG10041010,62.56,能走车,,
EZG10031010,EZG10041011,62.829,能走车,,
EZG10031011,EZG10031012,64.41,能走车,,
EZG10031011,EZG10041011,62.548,能走车,,
EZG10031011,EZG10041012,62.842,能走车,,
EZG10031012,EZG10031013,75.609,能走车,,
EZG10031012,EZG10041012,62.537,能走车,,
EZG10031012,EZG10041013,62.856,能走车,,
EZG10031013,EZG10031014,75.605,能走车,,
EZG10031013,EZG10041013,73.4,能走车,,
EZG10031013,EZG10041014,73.804,能走车,,
EZG10031014,EZG10031015,75.602,能走车,,
EZG10031014,EZG10041014,73.387,能走车,,
EZG10031014,EZG10041015,73.82,能走车,,
EZG10031015,EZG10041015,73.374,能走车,,
EZG10031015,EZG10041016,73.966,能走车,,
EZG10040990,EZG10040991,75.623,能走车,,
EZG10040990,EZG10050990,73.514,能走车,,
EZG10040991,EZG10040992,75.625,能走车,,
EZG10040991,EZG10050990,73.731,能走车,,
EZG10040991,EZG10050991,73.459,能走车,,
EZG10040992,EZG10040993,75.627,能走车,,
EZG10040992,EZG10050991,73.715,能走车,,
EZG10040992,EZG10050992,73.473,能走车,,
EZG10040993,EZG10040994,75.629,能走车,,
EZG10040993,EZG10050992,73.699,能走车,,
EZG10040993,EZG10050993,73.487,能走车,,
EZG10040994,EZG10040995,75.63,能走车,,
EZG10040994,EZG10050993,73.684,能走车,,
EZG10040994,EZG10050994,73.502,能走车,,
EZG10040995,EZG10040996,75.631,能走车,,
EZG10040995,EZG10050994,73.668,能走车,,
EZG10040995,EZG10050995,73.516,能走车,,
EZG10040996,EZG10040997,75.632,能走车,,
EZG10040996,EZG10050995,73.652,能走车,,
EZG10040996,EZG10050996,73.531,能走车,,
EZG10040997,EZG10040998,75.633,能走车,,
EZG10040997,EZG10050996,73.637,能走车,,
EZG10040997,EZG10050997,73.546,能走车,,
EZG10040998,EZG10040999,75.633,能走车,,
EZG10040998,EZG10050997,73.621,能走车,,
EZG10040998,EZG10050998,73.561,能走车,,
EZG10040999,EZG10041000,75.633,能走车,,
EZG10040999,EZG10050998,73.606,能走车,,
EZG10040999,EZG10050999,73.576,能走车,,
EZG10041000,EZG10041001,75.633,能走车,,
EZG10041000,EZG10050999,73.591,能走车,,
EZG10041000,EZG10051000,73.591,能走车,,
EZG10041001,EZG10041002,86.838,不能走车,,
EZG10041001,EZG10051000,73.576,能走车,,
EZG10041001,EZG10051001,73.606,能走车,,
EZG10041002,EZG10041003,86.838,不能走车,,
EZG10041002,EZG10051001,84.458,不能走车,,
EZG10041002,EZG10051002,84.528,不能走车,,
EZG10041003,EZG10041004,86.837,不能走车,,
EZG10041003,EZG10051002,84.441,不能走车,,
EZG10041003,EZG10051003,62.728,能走车,53.908,53.908
EZG10041004,EZG10041005,86.836,不能走车,,
EZG10041004,EZG10051003,84.424,不能走车,,
EZG10041004,EZG10051004,84.564,不能走车,,
EZG10041005,EZG10041006,86.835,不能走车,,
EZG10041005,EZG10051004,84.407,不能走车,,
EZG10041005,EZG10051005,84.582,不能走车,,
EZG10041006,EZG10041007,64.425,能走车,,
EZG10041006,EZG10051005,84.391,不能走车,,
EZG10041006,EZG10051006,62.768,能走车,,
EZG10041007,EZG10041008,64.919,能走车,17.521,17.521
EZG10041007,EZG10051006,62.714,能走车,,
EZG10041008,EZG10041009,64.422,能走车,,
EZG10041008,EZG10051008,63.752,能走车,,
EZG10041009,EZG10041010,64.42,能走车,,
EZG10041009,EZG10051008,62.576,能走车,,
EZG10041009,EZG10051009,62.808,能走车,,
EZG10041010,EZG10041011,64.418,能走车,,
EZG10041010,EZG10051009,62.564,能走车,,
EZG10041010,EZG10051010,62.822,能走车,,
EZG10041011,EZG10041012,64.416,能走车,,
EZG10041011,EZG10051010,62.552,能走车,,
EZG10041011,EZG10051011,62.836,能走车,,
EZG10041012,EZG10041013,64.413,能走车,,
EZG10041012,EZG10051011,62.54,能走车,,
EZG10041012,EZG10051012,62.849,能走车,,
EZG10041013,EZG10041014,75.631,能走车,,
EZG10041013,EZG10051012,62.534,能走车,,
EZG10041014,EZG10041015,75.609,能走车,,
EZG10041014,EZG10051014,74.728,能走车,,
EZG10041015,EZG10041016,75.606,能走车,,
EZG10041015,EZG10051014,73.377,能走车,,
EZG10041015,EZG10051015,73.829,能走车,,
EZG10041016,EZG10041017,75.777,能走车,,
EZG10041016,EZG10051015,73.364,能走车,,
EZG10041016,EZG10051016,73.845,能走车,,
EZG10041017,EZG10051016,73.351,能走车,,
EZG10041017,EZG10051017,74.203,能走车,,
EZG10050990,EZG10050991,75.624,能走车,,
EZG10050990,EZG10060990,73.941,能走车,,
EZG10050990,EZG10060991,73.452,能走车,,
EZG10050991,EZG10050992,75.626,能走车,,
EZG10050991,EZG10060991,73.725,能走车,,
EZG10050991,EZG10060992,73.466,能走车,,
EZG10050992,EZG10050993,75.628,能走车,,
EZG10050992,EZG10060992,73.709,能走车,,
EZG10050992,EZG10060993,73.481,能走车,,
EZG10050993,EZG10050994,75.629,能走车,,
EZG10050993,EZG10060993,73.693,能走车,,
EZG10050993,EZG10060994,73.495,能走车,,
EZG10050994,EZG10050995,75.63,能走车,,
EZG10050994,EZG10060994,73.677,能走车,,
EZG10050994,EZG10060995,73.51,能走车,,
EZG10050995,EZG10050996,75.631,能走车,,
EZG10050995,EZG10060995,73.662,能走车,,
EZG10050995,EZG10060996,73.525,能走车,,
EZG10050996,EZG10050997,75.632,能走车,,
EZG10050996,EZG10060996,73.646,能走车,,
EZG10050996,EZG10060997,73.539,能走车,,
EZG10050997,EZG10050998,75.632,能走车,,
EZG10050997,EZG10060997,73.631,能走车,,
EZG10050997,EZG10060998,73.554,能走车,,
EZG10050998,EZG10050999,75.632,能走车,,
EZG10050998,EZG10060998,73.615,能走车,,
EZG10050998,EZG10060999,73.569,能走车,,
EZG10050999,EZG10051000,75.632,能走车,,
EZG10050999,EZG10060999,73.6,能走车,,
EZG10050999,EZG10061000,73.585,能走车,,
EZG10051000,EZG10051001,75.632,能走车,,
EZG10051000,EZG10061000,73.585,能走车,,
EZG10051000,EZG10061001,73.6,能走车,,
EZG10051001,EZG10051002,86.837,不能走车,,
EZG10051001,EZG10061001,73.569,能走车,,
EZG10051001,EZG10061002,84.521,不能走车,,
EZG10051002,EZG10051003,86.836,不能走车,,
EZG10051002,EZG10061002,84.451,不能走车,,
EZG10051002,EZG10061003,84.539,不能走车,,
EZG10051003,EZG10051004,86.835,不能走车,,
EZG10051003,EZG10061003,84.434,不能走车,,
EZG10051003,EZG10061004,84.557,不能走车,53.913,53.913
EZG10051004,EZG10051005,86.834,不能走车,,
EZG10051004,EZG10061004,84.417,不能走车,,
EZG10051004,EZG10061005,84.574,不能走车,,
EZG10051005,EZG10051006,86.833,不能走车,,
EZG10051005,EZG10061005,84.4,不能走车,,
EZG10051005,EZG10061006,84.592,不能走车,,
EZG10051006,EZG10061006,62.607,能走车,,
EZG10051006,EZG10061007,62.818,能走车,,
EZG10051008,EZG10051009,64.421,能走车,,
EZG10051008,EZG10061008,63.695,能走车,38.546,38.546
EZG10051008,EZG10061009,62.803,能走车,,
EZG10051009,EZG10051010,64.419,能走车,,
EZG10051009,EZG10061009,62.57,能走车,,
EZG10051009,EZG10061010,62.816,能走车,,
EZG10051010,EZG10051011,64.417,能走车,,
EZG10051010,EZG10061010,62.558,能走车,,
EZG10051010,EZG10061011,62.83,能走车,,
EZG10051011,EZG10051012,64.415,能走车,,
EZG10051011,EZG10061011,62.546,能走车,,
EZG10051011,EZG10061012,62.844,能走车,,
EZG10051012,EZG10061012,62.534,能走车,,
EZG10051012,EZG10061013,63.056,能走车,,
EZG10051014,EZG10051015,75.609,能走车,,
EZG10051014,EZG10061014,74.486,能走车,,
EZG10051014,EZG10061015,73.822,能走车,,
EZG10051015,EZG10051016,75.606,能走车,,
EZG10051015,EZG10061015,73.369,能走车,,
EZG10051015,EZG10061016,73.838,能走车,,
EZG10051016,EZG10051017,75.602,能走车,,
EZG10051016,EZG10061016,73.356,能走车,,
EZG10051016,EZG10061017,73.855,能走车,,
EZG10051017,EZG10061017,73.343,能走车,,
EZG10051017,EZG10061018,74.579,能走车,,
EZG10060990,EZG10060991,75.62,能走车,,
EZG10060990,EZG10070990,73.541,能走车,,
EZG10060991,EZG10060992,75.621,能走车,,
EZG10060991,EZG10070990,73.736,能走车,,
EZG10060991,EZG10070991,73.462,能走车,,
EZG10060992,EZG10060993,75.623,能走车,,
EZG10060992,EZG10070991,73.72,能走车,,
EZG10060992,EZG10070992,73.476,能走车,,
EZG10060993,EZG10060994,75.624,能走车,,
EZG10060993,EZG10070992,73.704,能走车,,
EZG10060993,EZG10070993,73.491,能走车,,
EZG10060994,EZG10060995,75.625,能走车,,
EZG10060994,EZG10070993,73.688,能走车,,
EZG10060994,EZG10070994,73.506,能走车,,
EZG10060995,EZG10060996,75.626,能走车,,
EZG10060995,EZG10070994,73.673,能走车,,
EZG10060995,EZG10070995,73.52,能走车,,
EZG10060996,EZG10060997,75.626,能走车,,
EZG10060996,EZG10070995,73.657,能走车,,
EZG10060996,EZG10070996,73.535,能走车,,
EZG10060997,EZG10060998,75.627,能走车,,
EZG10060997,EZG10070996,73.642,能走车,,
EZG10060997,EZG10070997,73.55,能走车,,
EZG10060998,EZG10060999,75.627,能走车,,
EZG10060998,EZG10070997,73.626,能走车,,
EZG10060998,EZG10070998,73.565,能走车,,
EZG10060999,EZG10061000,75.627,能走车,,
EZG10060999,EZG10070998,73.611,能走车,,
EZG10060999,EZG10070999,73.58,能走车,,
EZG10061000,EZG10061001,75.627,能走车,,
EZG10061000,EZG10070999,73.595,能走车,,
EZG10061000,EZG10071000,73.595,能走车,,
EZG10061001,EZG10061002,86.831,不能走车,,
EZG10061001,EZG10071000,73.58,能走车,,
EZG10061001,EZG10071001,73.611,能走车,,
EZG10061002,EZG10061003,86.831,不能走车,,
EZG10061002,EZG10071001,84.464,不能走车,,
EZG10061002,EZG10071002,84.534,不能走车,,
EZG10061003,EZG10061004,86.83,不能走车,,
EZG10061003,EZG10071002,84.446,不能走车,,
EZG10061003,EZG10071003,84.551,不能走车,,
EZG10061004,EZG10061005,86.829,不能走车,,
EZG10061004,EZG10071003,84.429,不能走车,29.644,29.644
EZG10061004,EZG10071004,84.569,不能走车,,
EZG10061005,EZG10061006,86.828,不能走车,,
EZG10061005,EZG10071004,84.412,不能走车,,
EZG10061005,EZG10071005,84.587,不能走车,,
EZG10061006,EZG10061007,64.42,能走车,,
EZG10061006,EZG10071005,84.395,不能走车,,
EZG10061006,EZG10071006,62.771,能走车,,
EZG10061007,EZG10061008,64.451,能走车,,
EZG10061007,EZG10071006,62.603,能走车,,
EZG10061007,EZG10071007,62.785,能走车,,
EZG10061008,EZG10061009,64.418,能走车,,
EZG10061008,EZG10071007,62.591,能走车,,
EZG10061008,EZG10071008,62.798,能走车,54.342,54.342
EZG10061009,EZG10061010,64.417,能走车,,
EZG10061009,EZG10071008,62.579,能走车,,
EZG10061009,EZG10071009,62.812,能走车,,
EZG10061010,EZG10061011,64.415,能走车,,
EZG10061010,EZG10071009,62.566,能走车,,
EZG10061010,EZG10071010,62.825,能走车,,
EZG10061011,EZG10061012,64.414,能走车,,
EZG10061011,EZG10071010,62.554,能走车,,
EZG10061011,EZG10071011,62.839,能走车,,
EZG10061012,EZG10061013,64.412,能走车,,
EZG10061012,EZG10071011,62.542,能走车,,
EZG10061012,EZG10071012,62.853,能走车,,
EZG10061013,EZG10061014,75.776,能走车,,
EZG10061013,EZG10071012,62.53,能走车,,
EZG10061013,EZG10071013,73.8,能走车,,
EZG10061014,EZG10061015,75.616,能走车,,
EZG10061014,EZG10071013,73.463,能走车,,
EZG10061015,EZG10061016,76.498,能走车,,
EZG10061016,EZG10061017,75.603,能走车,,
EZG10061016,EZG10071016,73.925,能走车,,
EZG10061017,EZG10061018,75.6,能走车,,
EZG10061017,EZG10071016,73.35,能走车,,
EZG10061017,EZG10071017,73.865,能走车,,
EZG10061018,EZG10061019,76.77,能走车,,
EZG10061018,EZG10071017,73.337,能走车,,
EZG10061018,EZG10071018,73.882,能走车,,
EZG10061019,EZG10071018,73.324,能走车,,
EZG10061019,EZG10071019,74.263,能走车,,
EZG10070990,EZG10070991,75.612,能走车,,
EZG10070990,EZG10080991,73.834,能走车,,
EZG10070991,EZG10070992,75.613,能走车,,
EZG10070991,EZG10080991,73.732,能走车,,
EZG10070991,EZG10080992,73.474,能走车,,
EZG10070992,EZG10070993,75.614,能走车,,
EZG10070992,EZG10080992,73.716,能走车,,
EZG10070992,EZG10080993,73.489,能走车,,
EZG10070993,EZG10070994,75.615,能走车,,
EZG10070993,EZG10080993,73.701,能走车,,
EZG10070993,EZG10080994,73.503,能走车,,
EZG10070994,EZG10070995,75.616,能走车,,
EZG10070994,EZG10080994,73.685,能走车,,
EZG10070994,EZG10080995,73.518,能走车,,
EZG10070995,EZG10070996,75.617,能走车,,
EZG10070995,EZG10080995,73.67,能走车,,
EZG10070995,EZG10080996,73.533,能走车,,
EZG10070996,EZG10070997,75.617,能走车,,
EZG10070996,EZG10080996,73.654,能走车,,
EZG10070996,EZG10080997,73.548,能走车,,
EZG10070997,EZG10070998,75.618,能走车,,
EZG10070997,EZG10080997,73.639,能走车,,
EZG10070997,EZG10080998,73.563,能走车,,
EZG10070998,EZG10070999,75.618,能走车,,
EZG10070998,EZG10080998,73.624,能走车,,
EZG10070998,EZG10080999,73.578,能走车,,
EZG10070999,EZG10071000,75.618,能走车,,
EZG10070999,EZG10080999,73.608,能走车,,
EZG10070999,EZG10081000,73.593,能走车,,
EZG10071000,EZG10071001,75.618,能走车,,
EZG10071000,EZG10081000,73.593,能走车,,
EZG10071000,EZG10081001,73.608,能走车,,
EZG10071001,EZG10071002,86.82,不能走车,,
EZG10071001,EZG10081001,73.578,能走车,,
EZG10071001,EZG10081002,84.531,不能走车,,
EZG10071002,EZG10071003,86.82,不能走车,,
EZG10071002,EZG10081002,84.461,不能走车,,
EZG10071002,EZG10081003,84.548,不能走车,,
EZG10071003,EZG10071004,86.819,不能走车,,
EZG10071003,EZG10081003,84.444,不能走车,,
EZG10071003,EZG10081004,84.566,不能走车,,
EZG10071004,EZG10071005,86.819,不能走车,,
EZG10071004,EZG10081004,84.427,不能走车,,
EZG10071004,EZG10081005,84.584,不能走车,,
EZG10071005,EZG10071006,86.818,不能走车,,
EZG10071005,EZG10081005,84.41,不能走车,,
EZG10071005,EZG10081006,84.602,不能走车,,
EZG10071006,EZG10071007,64.412,能走车,,
EZG10071006,EZG10081006,62.614,能走车,,
EZG10071006,EZG10081007,62.782,能走车,,
EZG10071007,EZG10071008,64.411,能走车,,
EZG10071007,EZG10081007,62.601,能走车,,
EZG10071007,EZG10081008,62.796,能走车,,
EZG10071008,EZG10071009,64.41,能走车,,
EZG10071008,EZG10081008,62.589,能走车,,
EZG10071008,EZG10081009,62.809,能走车,55.379,55.379
EZG10071009,EZG10071010,64.409,能走车,,
EZG10071009,EZG10081009,62.577,能走车,,
EZG10071009,EZG10081010,62.822,能走车,,
EZG10071010,EZG10071011,64.408,能走车,,
EZG10071010,EZG10081010,62.564,能走车,,
EZG10071010,EZG10081011,62.836,能走车,,
EZG10071011,EZG10071012,64.406,能走车,,
EZG10071011,EZG10081011,62.552,能走车,,
EZG10071011,EZG10081012,62.849,能走车,,
EZG10071012,EZG10071013,75.929,能走车,,
EZG10071012,EZG10081012,63.247,能走车,,
EZG10071016,EZG10071017,75.719,能走车,,
EZG10071017,EZG10071018,75.623,能走车,,
EZG10071018,EZG10071019,75.941,能走车,,
EZG10080991,EZG10080992,75.6,能走车,,
EZG10080991,EZG10090991,73.503,能走车,,
EZG10080992,EZG10080993,75.601,能走车,,
EZG10080992,EZG10090991,73.73,能走车,,
EZG10080992,EZG10090992,73.489,能走车,,
EZG10080993,EZG10080994,75.602,能走车,,
EZG10080993,EZG10090992,73.715,能走车,,
EZG10080993,EZG10090993,73.504,能走车,,
EZG10080994,EZG10080995,75.603,能走车,,
EZG10080994,EZG10090993,73.7,能走车,,
EZG10080994,EZG10090994,73.518,能走车,,
EZG10080995,EZG10080996,75.603,能走车,,
EZG10080995,EZG10090994,73.684,能走车,,
EZG10080995,EZG10090995,73.533,能走车,,
EZG10080996,EZG10080997,75.604,能走车,,
EZG10080996,EZG10090995,73.669,能走车,,
EZG10080996,EZG10090996,73.548,能走车,,
EZG10080997,EZG10080998,75.604,能走车,,
EZG10080997,EZG10090996,73.654,能走车,,
EZG10080997,EZG10090997,73.563,能走车,,
EZG10080998,EZG10080999,75.604,能走车,,
EZG10080998,EZG10090997,73.638,能走车,,
EZG10080998,EZG10090998,73.578,能走车,,
EZG10080999,EZG10081000,75.604,能走车,,
EZG10080999,EZG10090998,73.623,能走车,,
EZG10080999,EZG10090999,73.593,能走车,,
EZG10081000,EZG10081001,75.604,能走车,,
EZG10081000,EZG10090999,73.608,能走车,,
EZG10081000,EZG10091000,73.608,能走车,,
EZG10081001,EZG10081002,86.805,不能走车,,
EZG10081001,EZG10091000,73.593,能走车,,
EZG10081001,EZG10091001,73.623,能走车,,
EZG10081002,EZG10081003,86.804,不能走车,,
EZG10081002,EZG10091001,84.478,不能走车,,
EZG10081002,EZG10091002,84.548,不能走车,,
EZG10081003,EZG10081004,86.804,不能走车,,
EZG10081003,EZG10091002,84.461,不能走车,,
EZG10081003,EZG10091003,84.565,不能走车,,
EZG10081004,EZG10081005,86.804,不能走车,,
EZG10081004,EZG10091003,84.444,不能走车,,
EZG10081004,EZG10091004,84.583,不能走车,,
EZG10081005,EZG10081006,86.803,不能走车,,
EZG10081005,EZG10091004,84.427,不能走车,,
EZG10081005,EZG10091005,84.6,不能走车,,
EZG10081006,EZG10081007,64.402,能走车,,
EZG10081006,EZG10091005,84.41,不能走车,,
EZG10081006,EZG10091006,62.781,能走车,,
EZG10081007,EZG10081008,64.401,能走车,,
EZG10081007,EZG10091006,62.614,能走车,,
EZG10081007,EZG10091007,62.794,能走车,,
EZG10081008,EZG10081009,64.4,能走车,,
EZG10081008,EZG10091007,62.602,能走车,,
EZG10081008,EZG10091008,62.807,能走车,,
EZG10081009,EZG10081010,64.399,能走车,,
EZG10081009,EZG10091008,62.589,能走车,,
EZG10081009,EZG10091009,62.821,能走车,53.957,53.957
EZG10081010,EZG10081011,64.398,能走车,,
EZG10081010,EZG10091009,62.577,能走车,,
EZG10081010,EZG10091010,62.834,能走车,,
EZG10081011,EZG10081012,64.397,能走车,,
EZG10081011,EZG10091010,62.564,能走车,,
EZG10081011,EZG10091011,62.847,能走车,,
EZG10081012,EZG10091011,62.872,能走车,,
EZG10090991,EZG10090992,75.584,能走车,,
EZG10090991,EZG10100992,73.686,能走车,,
EZG10090992,EZG10090993,75.584,能走车,,
EZG10090992,EZG10100992,73.731,能走车,,
EZG10090992,EZG10100993,73.506,能走车,,
EZG10090993,EZG10090994,75.585,能走车,,
EZG10090993,EZG10100993,73.715,能走车,,
EZG10090993,EZG10100994,73.521,能走车,,
EZG10090994,EZG10090995,75.585,能走车,,
EZG10090994,EZG10100994,73.7,能走车,,
EZG10090994,EZG10100995,73.536,能走车,,
EZG10090995,EZG10090996,75.586,能走车,,
EZG10090995,EZG10100995,73.685,能走车,,
EZG10090995,EZG10100996,73.55,能走车,,
EZG10090996,EZG10090997,75.586,能走车,,
EZG10090996,EZG10100996,73.67,能走车,,
EZG10090996,EZG10100997,73.565,能走车,,
EZG10090997,EZG10090998,75.586,能走车,,
EZG10090997,EZG10100997,73.655,能走车,,
EZG10090997,EZG10100998,73.58,能走车,,
EZG10090998,EZG10090999,75.586,能走车,,
EZG10090998,EZG10100998,73.64,能走车,,
EZG10090998,EZG10100999,73.595,能走车,,
EZG10090999,EZG10091000,75.586,能走车,,
EZG10090999,EZG10100999,73.625,能走车,,
EZG10090999,EZG10101000,73.61,能走车,,
EZG10091000,EZG10091001,75.586,能走车,,
EZG10091000,EZG10101000,73.61,能走车,,
EZG10091000,EZG10101001,73.625,能走车,,
EZG10091001,EZG10091002,86.784,不能走车,,
EZG10091001,EZG10101001,73.595,能走车,,
EZG10091001,EZG10101002,84.549,不能走车,,
EZG10091002,EZG10091003,86.784,不能走车,,
EZG10091002,EZG10101002,84.481,不能走车,,
EZG10091002,EZG10101003,84.567,不能走车,,
EZG10091003,EZG10091004,86.783,不能走车,,
EZG10091003,EZG10101003,84.464,不能走车,,
EZG10091003,EZG10101004,84.584,不能走车,,
EZG10091004,EZG10091005,86.783,不能走车,,
EZG10091004,EZG10101004,84.447,不能走车,,
EZG10091004,EZG10101005,84.601,不能走车,,
EZG10091005,EZG10091006,86.783,不能走车,,
EZG10091005,EZG10101005,84.43,不能走车,,
EZG10091005,EZG10101006,84.619,不能走车,,
EZG10091006,EZG10091007,64.387,能走车,,
EZG10091006,EZG10101006,62.629,能走车,,
EZG10091006,EZG10101007,62.794,能走车,,
EZG10091007,EZG10091008,64.386,能走车,,
EZG10091007,EZG10101007,62.616,能走车,,
EZG10091007,EZG10101008,62.807,能走车,,
EZG10091008,EZG10091009,64.386,能走车,,
EZG10091008,EZG10101008,62.604,能走车,,
EZG10091008,EZG10101009,62.82,能走车,,
EZG10091009,EZG10091010,64.385,能走车,44.524,44.524
EZG10091009,EZG10101009,62.591,能走车,,
EZG10091009,EZG10101010,62.834,能走车,,
EZG10091010,EZG10091011,64.384,能走车,,
EZG10091010,EZG10101010,62.579,能走车,,
EZG10091010,EZG10101011,62.847,能走车,48.985,48.985
EZG10091011,EZG10101011,62.566,能走车,,
EZG10091011,EZG10101012,62.928,能走车,,
EZG10100992,EZG10100993,75.563,能走车,,
EZG10100992,EZG10110992,74.612,能走车,,
EZG10100993,EZG10100994,75.563,能走车,,
EZG10100993,EZG10110992,73.732,能走车,,
EZG10100993,EZG10110993,73.526,能走车,,
EZG10100994,EZG10100995,75.563,能走车,,
EZG10100994,EZG10110993,73.718,能走车,,
EZG10100994,EZG10110994,73.54,能走车,,
EZG10100995,EZG10100996,75.563,能走车,,
EZG10100995,EZG10110994,73.703,能走车,,
EZG10100995,EZG10110995,73.555,能走车,,
EZG10100996,EZG10100997,75.564,能走车,,
EZG10100996,EZG10110995,73.688,能走车,,
EZG10100996,EZG10110996,73.57,能走车,,
EZG10100997,EZG10100998,75.564,能走车,,
EZG10100997,EZG10110996,73.673,能走车,,
EZG10100997,EZG10110997,73.584,能走车,,
EZG10100998,EZG10100999,75.564,能走车,,
EZG10100998,EZG10110997,73.658,能走车,,
EZG10100998,EZG10110998,73.599,能走车,,
EZG10100999,EZG10101000,75.564,能走车,,
EZG10100999,EZG10110998,73.643,能走车,,
EZG10100999,EZG10110999,73.614,能走车,,
EZG10101000,EZG10101001,75.564,能走车,,
EZG10101000,EZG10110999,73.629,能走车,,
EZG10101000,EZG10111000,73.629,能走车,,
EZG10101001,EZG10101002,86.758,不能走车,,
EZG10101001,EZG10111000,73.614,能走车,,
EZG10101001,EZG10111001,73.643,能走车,,
EZG10101002,EZG10101003,86.758,不能走车,,
EZG10101002,EZG10111001,84.503,不能走车,,
EZG10101002,EZG10111002,84.57,不能走车,,
EZG10101003,EZG10101004,86.758,不能走车,,
EZG10101003,EZG10111002,84.486,不能走车,,
EZG10101003,EZG10111003,84.587,不能走车,,
EZG10101004,EZG10101005,86.758,不能走车,,
EZG10101004,EZG10111003,84.469,不能走车,,
EZG10101004,EZG10111004,84.604,不能走车,,
EZG10101005,EZG10101006,86.758,不能走车,,
EZG10101005,EZG10111004,84.452,不能走车,,
EZG10101005,EZG10111005,84.622,不能走车,,
EZG10101006,EZG10101007,64.368,能走车,,
EZG10101006,EZG10111005,84.435,不能走车,,
EZG10101006,EZG10111006,62.796,能走车,,
EZG10101007,EZG10101008,64.368,能走车,,
EZG10101007,EZG10111006,62.633,能走车,,
EZG10101007,EZG10111007,62.809,能走车,,
EZG10101008,EZG10101009,64.368,能走车,,
EZG10101008,EZG10111007,62.62,能走车,,
EZG10101008,EZG10111008,62.822,能走车,,
EZG10101009,EZG10101010,64.368,能走车,,
EZG10101009,EZG10111008,62.608,能走车,,
EZG10101009,EZG10111009,62.835,能走车,,
EZG10101010,EZG10101011,64.367,能走车,,
EZG10101010,EZG10111009,62.595,能走车,,
EZG10101010,EZG10111010,62.848,能走车,,
EZG10101011,EZG10101012,64.367,能走车,,
EZG10101011,EZG10111010,62.583,能走车,,
EZG10101011,EZG10111011,62.86,能走车,,
EZG10101012,EZG10111011,62.57,能走车,,
EZG10101012,EZG10111012,62.874,能走车,,
EZG10110992,EZG10110993,75.537,能走车,,
EZG10110992,EZG10120993,74.436,能走车,,
EZG10110993,EZG10110994,75.537,能走车,,
EZG10110993,EZG10120993,73.736,能走车,,
EZG10110993,EZG10120994,73.548,能走车,,
EZG10110994,EZG10110995,75.537,能走车,,
EZG10110994,EZG10120994,73.722,能走车,,
EZG10110994,EZG10120995,84.46,不能走车,,
EZG10110995,EZG10110996,75.537,能走车,,
EZG10110995,EZG10120995,84.627,不能走车,,
EZG10110995,EZG10120996,84.477,不能走车,,
EZG10110996,EZG10110997,75.537,能走车,,
EZG10110996,EZG10120996,84.61,不能走车,,
EZG10110996,EZG10120997,84.494,不能走车,,
EZG10110997,EZG10110998,75.537,能走车,,
EZG10110997,EZG10120997,84.594,不能走车,,
EZG10110997,EZG10120998,84.51,不能走车,,
EZG10110998,EZG10110999,75.537,能走车,,
EZG10110998,EZG10120998,84.577,不能走车,,
EZG10110998,EZG10120999,84.527,不能走车,,
EZG10110999,EZG10111000,75.537,能走车,,
EZG10110999,EZG10120999,84.56,不能走车,,
EZG10110999,EZG10121000,84.544,不能走车,,
EZG10111000,EZG10111001,75.537,能走车,,
EZG10111000,EZG10121000,84.544,不能走车,,
EZG10111000,EZG10121001,84.56,不能走车,,
EZG10111001,EZG10111002,86.727,不能走车,,
EZG10111001,EZG10121001,84.527,不能走车,,
EZG10111001,EZG10121002,84.577,不能走车,,
EZG10111002,EZG10111003,86.727,不能走车,,
EZG10111002,EZG10121002,84.51,不能走车,,
EZG10111002,EZG10121003,84.594,不能走车,,
EZG10111003,EZG10111004,86.727,不能走车,,
EZG10111003,EZG10121003,84.494,不能走车,,
EZG10111003,EZG10121004,84.61,不能走车,,
EZG10111004,EZG10111005,86.727,不能走车,,
EZG10111004,EZG10121004,84.477,不能走车,,
EZG10111004,EZG10121005,84.627,不能走车,,
EZG10111005,EZG10111006,86.727,不能走车,,
EZG10111005,EZG10121005,84.46,不能走车,,
EZG10111005,EZG10121006,84.644,不能走车,,
EZG10111006,EZG10111007,64.346,能走车,,
EZG10111006,EZG10121006,62.652,能走车,,
EZG10111006,EZG10121007,62.813,能走车,,
EZG10111007,EZG10111008,64.346,能走车,,
EZG10111007,EZG10121007,62.639,能走车,,
EZG10111007,EZG10121008,62.825,能走车,,
EZG10111008,EZG10111009,64.346,能走车,,
EZG10111008,EZG10121008,62.627,能走车,,
EZG10111008,EZG10121009,62.837,能走车,,
EZG10111009,EZG10111010,64.365,能走车,,
EZG10111009,EZG10121009,62.622,能走车,,
EZG10111010,EZG10111011,64.346,能走车,,
EZG10111010,EZG10121011,63.652,能走车,,
EZG10111011,EZG10111012,64.346,能走车,,
EZG10111011,EZG10121011,62.589,能走车,,
EZG10111011,EZG10121012,62.875,能走车,,
EZG10111012,EZG10111013,75.537,能走车,,
EZG10111012,EZG10121012,62.577,能走车,,
EZG10111012,EZG10121013,73.825,能走车,,
EZG10111013,EZG10121013,73.445,能走车,,
EZG10111013,EZG10121014,74.514,能走车,,
EZG10111017,EZG10121018,75.183,能走车,,
EZG10111023,EZG10131023,130.852,能走车,,
EZG10120993,EZG10120994,75.909,能走车,,
EZG10120994,EZG10120995,86.692,不能走车,,
EZG10120994,EZG10130994,85.032,不能走车,,
EZG10120995,EZG10120996,86.692,不能走车,,
EZG10120995,EZG10130994,84.651,不能走车,,
EZG10120995,EZG10130995,84.488,不能走车,,
EZG10120996,EZG10120997,86.692,不能走车,,
EZG10120996,EZG10130995,84.635,不能走车,,
EZG10120996,EZG10130996,84.504,不能走车,,
EZG10120997,EZG10120998,86.691,不能走车,,
EZG10120997,EZG10130996,84.619,不能走车,,
EZG10120997,EZG10130997,84.521,不能走车,,
EZG10120998,EZG10120999,86.691,不能走车,,
EZG10120998,EZG10130997,84.602,不能走车,,
EZG10120998,EZG10130998,84.537,不能走车,,
EZG10120999,EZG10121000,86.691,不能走车,,
EZG10120999,EZG10130998,84.586,不能走车,,
EZG10120999,EZG10130999,84.554,不能走车,,
EZG10121000,EZG10121001,86.691,不能走车,,
EZG10121000,EZG10130999,84.57,不能走车,,
EZG10121000,EZG10131000,84.57,不能走车,,
EZG10121001,EZG10121002,86.691,不能走车,,
EZG10121001,EZG10131000,84.554,不能走车,,
EZG10121001,EZG10131001,84.586,不能走车,,
EZG10121002,EZG10121003,86.691,不能走车,,
EZG10121002,EZG10131001,84.537,不能走车,,
EZG10121002,EZG10131002,84.602,不能走车,,
EZG10121003,EZG10121004,86.692,不能走车,,
EZG10121003,EZG10131002,84.521,不能走车,,
EZG10121003,EZG10131003,84.619,不能走车,,
EZG10121004,EZG10121005,86.692,不能走车,,
EZG10121004,EZG10131003,84.504,不能走车,,
EZG10121004,EZG10131004,84.635,不能走车,,
EZG10121005,EZG10121006,86.692,不能走车,,
EZG10121005,EZG10131004,84.488,不能走车,,
EZG10121005,EZG10131005,84.651,不能走车,,
EZG10121006,EZG10121007,64.32,能走车,,
EZG10121006,EZG10131005,84.472,不能走车,,
EZG10121006,EZG10131006,84.667,不能走车,,
EZG10121007,EZG10121008,64.32,能走车,,
EZG10121007,EZG10131006,84.455,不能走车,,
EZG10121007,EZG10131007,84.684,不能走车,,
EZG10121008,EZG10121009,64.32,能走车,,
EZG10121008,EZG10131007,84.438,不能走车,,
EZG10121008,EZG10131008,84.7,不能走车,,
EZG10121009,EZG10131008,84.422,不能走车,,
EZG10121009,EZG10131009,84.957,不能走车,,
EZG10121011,EZG10121012,64.321,能走车,,
EZG10121011,EZG10131010,85.645,不能走车,,
EZG10121011,EZG10131011,84.749,不能走车,,
EZG10121012,EZG10121013,75.508,能走车,,
EZG10121012,EZG10131011,84.371,不能走车,,
EZG10121012,EZG10131012,84.766,不能走车,,
EZG10121013,EZG10121014,75.508,能走车,,
EZG10121013,EZG10131012,84.354,不能走车,,
EZG10121013,EZG10131013,84.783,不能走车,,
EZG10121014,EZG10131013,84.338,不能走车,,
EZG10121014,EZG10131014,74.552,能走车,,
EZG10121018,EZG10121019,75.596,能走车,,
EZG10121018,EZG10131018,74.264,能走车,,
EZG10121019,EZG10131018,73.381,能走车,,
EZG10121019,EZG10131019,74.038,能走车,,
EZG10130994,EZG10130995,87.63,不能走车,,
EZG10130995,EZG10130996,86.65,不能走车,,
EZG10130995,EZG10140996,85.7,不能走车,,
EZG10130996,EZG10130997,86.65,不能走车,,
EZG10130996,EZG10140996,84.646,不能走车,,
EZG10130996,EZG10140997,84.534,不能走车,,
EZG10130997,EZG10130998,86.65,不能走车,,
EZG10130997,EZG10140997,84.63,不能走车,,
EZG10130997,EZG10140998,84.55,不能走车,,
EZG10130998,EZG10130999,86.65,不能走车,,
EZG10130998,EZG10140998,84.614,不能走车,,
EZG10130998,EZG10140999,84.566,不能走车,,
EZG10130999,EZG10131000,86.65,不能走车,,
EZG10130999,EZG10140999,84.598,不能走车,,
EZG10130999,EZG10141000,84.582,不能走车,,
EZG10131000,EZG10131001,86.65,不能走车,,
EZG10131000,EZG10141000,84.582,不能走车,,
EZG10131000,EZG10141001,84.598,不能走车,,
EZG10131001,EZG10131002,86.65,不能走车,,
EZG10131001,EZG10141001,84.566,不能走车,,
EZG10131001,EZG10141002,84.614,不能走车,,
EZG10131002,EZG10131003,86.65,不能走车,,
EZG10131002,EZG10141002,84.55,不能走车,,
EZG10131002,EZG10141003,84.63,不能走车,,
EZG10131003,EZG10131004,86.65,不能走车,,
EZG10131003,EZG10141003,84.534,不能走车,,
EZG10131003,EZG10141004,84.646,不能走车,,
EZG10131004,EZG10131005,86.651,不能走车,,
EZG10131004,EZG10141004,84.518,不能走车,,
EZG10131004,EZG10141005,84.661,不能走车,,
EZG10131005,EZG10131006,86.651,不能走车,,
EZG10131005,EZG10141005,84.502,不能走车,,
EZG10131005,EZG10141006,84.677,不能走车,,
EZG10131006,EZG10131007,86.652,不能走车,,
EZG10131006,EZG10141006,84.486,不能走车,,
EZG10131006,EZG10141007,84.693,不能走车,,
EZG10131007,EZG10131008,86.653,不能走车,,
EZG10131007,EZG10141007,84.47,不能走车,,
EZG10131007,EZG10141008,84.709,不能走车,,
EZG10131008,EZG10131009,86.653,不能走车,,
EZG10131008,EZG10141008,84.453,不能走车,,
EZG10131008,EZG10141009,84.724,不能走车,,
EZG10131009,EZG10131010,86.833,不能走车,,
EZG10131009,EZG10141009,84.437,不能走车,,
EZG10131009,EZG10141010,84.74,不能走车,,
EZG10131010,EZG10131011,86.655,不能走车,,
EZG10131010,EZG10141010,84.42,不能走车,,
EZG10131010,EZG10141011,84.756,不能走车,,
EZG10131011,EZG10131012,86.656,不能走车,,
EZG10131011,EZG10141011,84.403,不能走车,,
EZG10131011,EZG10141012,84.772,不能走车,,
EZG10131012,EZG10131013,86.657,不能走车,,
EZG10131012,EZG10141012,84.386,不能走车,,
EZG10131012,EZG10141013,84.788,不能走车,,
EZG10131013,EZG10131014,86.657,不能走车,,
EZG10131013,EZG10141013,84.369,不能走车,,
EZG10131013,EZG10141014,84.804,不能走车,,
EZG10131014,EZG10141014,73.468,能走车,,
EZG10131014,EZG10141015,74.387,能走车,,
EZG10131018,EZG10131019,75.479,能走车,,
EZG10131018,EZG10141019,74.611,能走车,,
EZG10131019,EZG10131020,75.505,能走车,,
EZG10131019,EZG10141019,73.394,能走车,,
EZG10131019,EZG10141020,73.948,能走车,,
EZG10131020,EZG10141020,73.378,能走车,,
EZG10131020,EZG10141021,75.318,能走车,,
EZG10131023,EZG10141023,73.333,能走车,,
EZG10131023,EZG10141024,75.272,能走车,,
EZG10140996,EZG10140997,87.753,不能走车,,
EZG10140997,EZG10140998,86.603,不能走车,,
EZG10140997,EZG10150997,85.472,不能走车,,
EZG10140998,EZG10140999,86.603,不能走车,,
EZG10140998,EZG10150997,84.644,不能走车,,
EZG10140998,EZG10150998,84.582,不能走车,,
EZG10140999,EZG10141000,86.603,不能走车,,
EZG10140999,EZG10150998,84.629,不能走车,,
EZG10140999,EZG10150999,84.598,不能走车,,
EZG10141000,EZG10141001,86.603,不能走车,,
EZG10141000,EZG10150999,84.613,不能走车,,
EZG10141000,EZG10151000,84.613,不能走车,,
EZG10141001,EZG10141002,86.603,不能走车,,
EZG10141001,EZG10151000,84.598,不能走车,,
EZG10141001,EZG10151001,84.629,不能走车,,
EZG10141002,EZG10141003,86.603,不能走车,,
EZG10141002,EZG10151001,84.582,不能走车,,
EZG10141002,EZG10151002,84.644,不能走车,,
EZG10141003,EZG10141004,86.604,不能走车,,
EZG10141003,EZG10151002,84.567,不能走车,,
EZG10141003,EZG10151003,84.659,不能走车,,
EZG10141004,EZG10141005,86.604,不能走车,,
EZG10141004,EZG10151003,84.551,不能走车,,
EZG10141004,EZG10151004,84.674,不能走车,,
EZG10141005,EZG10141006,86.605,不能走车,,
EZG10141005,EZG10151004,84.535,不能走车,,
EZG10141005,EZG10151005,84.69,不能走车,,
EZG10141006,EZG10141007,86.606,不能走车,,
EZG10141006,EZG10151005,84.52,不能走车,,
EZG10141006,EZG10151006,84.705,不能走车,,
EZG10141007,EZG10141008,86.607,不能走车,,
EZG10141007,EZG10151006,84.503,不能走车,,
EZG10141007,EZG10151007,84.72,不能走车,,
EZG10141008,EZG10141009,86.608,不能走车,,
EZG10141008,EZG10151007,84.487,不能走车,,
EZG10141008,EZG10151008,84.735,不能走车,,
EZG10141009,EZG10141010,86.609,不能走车,,
EZG10141009,EZG10151008,84.471,不能走车,,
EZG10141009,EZG10151009,84.75,不能走车,,
EZG10141010,EZG10141011,86.61,不能走车,,
EZG10141010,EZG10151009,84.455,不能走车,,
EZG10141010,EZG10151010,84.765,不能走车,,
EZG10141011,EZG10141012,86.612,不能走车,,
EZG10141011,EZG10151010,84.438,不能走车,,
EZG10141011,EZG10151011,84.781,不能走车,,
EZG10141012,EZG10141013,86.613,不能走车,,
EZG10141012,EZG10151011,84.422,不能走车,,
EZG10141012,EZG10151012,84.796,不能走车,,
EZG10141013,EZG10141014,86.614,不能走车,,
EZG10141013,EZG10151012,84.405,不能走车,,
EZG10141013,EZG10151013,84.811,不能走车,,
EZG10141014,EZG10141015,75.44,能走车,,
EZG10141014,EZG10151013,84.388,不能走车,,
EZG10141014,EZG10151014,73.882,能走车,,
EZG10141015,EZG10141016,76.359,能走车,,
EZG10141015,EZG10151014,73.484,能走车,,
EZG10141015,EZG10151015,73.895,能走车,,
EZG10141016,EZG10151015,73.469,能走车,,
EZG10141016,EZG10151016,74.345,能走车,,
EZG10141019,EZG10141020,75.446,能走车,,
EZG10141019,EZG10151018,74.353,能走车,,
EZG10141019,EZG10151019,73.951,能走车,,
EZG10141020,EZG10141021,75.447,能走车,,
EZG10141020,EZG10151019,73.409,能走车,,
EZG10141020,EZG10151020,73.965,能走车,,
EZG10141021,EZG10141022,76.428,能走车,,
EZG10141021,EZG10151020,73.393,能走车,,
EZG10141021,EZG10151021,73.979,能走车,,
EZG10141022,EZG10141023,75.449,能走车,,
EZG10141022,EZG10151021,73.378,能走车,,
EZG10141022,EZG10151022,73.993,能走车,,
EZG10141023,EZG10141024,75.45,能走车,,
EZG10141023,EZG10151022,73.363,能走车,,
EZG10141023,EZG10151023,74.008,能走车,,
EZG10141024,EZG10151023,73.768,能走车,,
EZG10150997,EZG10150998,86.756,不能走车,,
EZG10150998,EZG10150999,86.55,不能走车,,
EZG10150998,EZG10160999,84.69,不能走车,,
EZG10150999,EZG10151000,86.55,不能走车,,
EZG10150999,EZG10160999,84.646,不能走车,,
EZG10150999,EZG10161000,84.632,不能走车,,
EZG10151000,EZG10151001,86.55,不能走车,,
EZG10151000,EZG10161000,84.632,不能走车,,
EZG10151000,EZG10161001,84.646,不能走车,,
EZG10151001,EZG10151002,86.55,不能走车,,
EZG10151001,EZG10161001,84.617,不能走车,,
EZG10151001,EZG10161002,84.661,不能走车,,
EZG10151002,EZG10151003,86.551,不能走车,,
EZG10151002,EZG10161002,84.602,不能走车,,
EZG10151002,EZG10161003,84.676,不能走车,,
EZG10151003,EZG10151004,86.552,不能走车,,
EZG10151003,EZG10161003,84.587,不能走车,,
EZG10151003,EZG10161004,84.69,不能走车,,
EZG10151004,EZG10151005,86.553,不能走车,,
EZG10151004,EZG10161004,84.571,不能走车,,
EZG10151004,EZG10161005,84.705,不能走车,,
EZG10151005,EZG10151006,86.554,不能走车,,
EZG10151005,EZG10161005,84.556,不能走车,,
EZG10151005,EZG10161006,84.719,不能走车,,
EZG10151006,EZG10151007,86.555,不能走车,,
EZG10151006,EZG10161006,84.54,不能走车,,
EZG10151006,EZG10161007,84.734,不能走车,,
EZG10151007,EZG10151008,86.556,不能走车,,
EZG10151007,EZG10161007,84.525,不能走车,,
EZG10151007,EZG10161008,84.748,不能走车,,
EZG10151008,EZG10151009,86.558,不能走车,,
EZG10151008,EZG10161008,84.509,不能走车,,
EZG10151008,EZG10161009,84.763,不能走车,,
EZG10151009,EZG10151010,86.56,不能走车,,
EZG10151009,EZG10161009,84.493,不能走车,,
EZG10151009,EZG10161010,84.777,不能走车,,
EZG10151010,EZG10151011,86.561,不能走车,,
EZG10151010,EZG10161010,84.476,不能走车,,
EZG10151010,EZG10161011,84.792,不能走车,,
EZG10151011,EZG10151012,86.563,不能走车,,
EZG10151011,EZG10161011,84.46,不能走车,,
EZG10151011,EZG10161012,84.806,不能走车,,
EZG10151012,EZG10151013,86.565,不能走车,,
EZG10151012,EZG10161012,84.443,不能走车,,
EZG10151012,EZG10161013,84.821,不能走车,,
EZG10151013,EZG10151014,86.568,不能走车,,
EZG10151013,EZG10161013,84.427,不能走车,,
EZG10151013,EZG10161014,84.836,不能走车,,
EZG10151014,EZG10151015,75.399,能走车,,
EZG10151014,EZG10161014,73.518,能走车,,
EZG10151014,EZG10161015,73.902,能走车,,
EZG10151015,EZG10151016,75.401,能走车,,
EZG10151015,EZG10161015,73.503,能走车,,
EZG10151015,EZG10161016,73.915,能走车,,
EZG10151016,EZG10161016,73.488,能走车,,
EZG10151016,EZG10161017,74.4,能走车,,
EZG10151018,EZG10151019,75.407,能走车,,
EZG10151018,EZG10161018,73.772,能走车,,
EZG10151018,EZG10161019,73.955,能走车,,
EZG10151019,EZG10151020,75.409,能走车,,
EZG10151019,EZG10161019,73.443,能走车,,
EZG10151019,EZG10161020,73.968,能走车,,
EZG10151020,EZG10151021,75.411,能走车,,
EZG10151020,EZG10161020,73.427,能走车,,
EZG10151020,EZG10161021,73.982,能走车,,
EZG10151021,EZG10151022,75.413,能走车,,
EZG10151021,EZG10161021,73.411,能走车,,
EZG10151021,EZG10161022,73.996,能走车,,
EZG10151022,EZG10151023,75.415,能走车,,
EZG10151022,EZG10161022,73.396,能走车,,
EZG10151022,EZG10161023,74.01,能走车,,
EZG10151023,EZG10161023,74.681,能走车,,
EZG10160999,EZG10161000,86.52,不能走车,,
EZG10161000,EZG10161001,87.614,不能走车,,
EZG10161001,EZG10161002,87.421,不能走车,,
EZG10161002,EZG10161003,87.246,不能走车,,
EZG10161003,EZG10161004,87.089,不能走车,,
EZG10161004,EZG10161005,86.951,不能走车,,
EZG10161005,EZG10161006,86.831,不能走车,,
EZG10161006,EZG10161007,86.731,不能走车,,
EZG10161007,EZG10161008,86.648,不能走车,,
EZG10161008,EZG10161009,86.585,不能走车,,
EZG10161009,EZG10161010,86.503,不能走车,,
EZG10161009,EZG10171009,85.112,不能走车,,
EZG10161010,EZG10161011,86.505,不能走车,,
EZG10161010,EZG10171009,84.518,不能走车,,
EZG10161010,EZG10171010,84.806,不能走车,,
EZG10161011,EZG10161012,86.508,不能走车,,
EZG10161011,EZG10171010,84.502,不能走车,,
EZG10161011,EZG10171011,84.819,不能走车,,
EZG10161012,EZG10161013,86.51,不能走车,,
EZG10161012,EZG10171011,84.485,不能走车,,
EZG10161012,EZG10171012,84.833,不能走车,,
EZG10161013,EZG10161014,86.513,不能走车,,
EZG10161013,EZG10171012,84.469,不能走车,,
EZG10161013,EZG10171013,84.847,不能走车,,
EZG10161014,EZG10161015,75.353,能走车,,
EZG10161014,EZG10171013,73.555,能走车,,
EZG10161014,EZG10171014,73.911,能走车,,
EZG10161015,EZG10161016,75.355,能走车,,
EZG10161015,EZG10171014,73.54,能走车,,
EZG10161015,EZG10171015,73.923,能走车,,
EZG10161016,EZG10161017,75.358,能走车,,
EZG10161016,EZG10171015,73.526,能走车,,
EZG10161016,EZG10171016,73.936,能走车,,
EZG10161017,EZG10161018,75.911,能走车,,
EZG10161017,EZG10171016,73.51,能走车,,
EZG10161017,EZG10171017,73.948,能走车,,
EZG10161018,EZG10161019,75.363,能走车,,
EZG10161018,EZG10171017,73.495,能走车,,
EZG10161018,EZG10171018,73.961,能走车,,
EZG10161019,EZG10161020,75.366,能走车,,
EZG10161019,EZG10171018,73.48,能走车,,
EZG10161019,EZG10171019,73.974,能走车,,
EZG10161020,EZG10161021,75.369,能走车,,
EZG10161020,EZG10171019,73.464,能走车,,
EZG10161020,EZG10171020,73.987,能走车,,
EZG10161021,EZG10161022,75.372,能走车,,
EZG10161021,EZG10171020,73.448,能走车,,
EZG10161021,EZG10171021,74.0,能走车,,
EZG10161022,EZG10161023,75.375,能走车,,
EZG10161022,EZG10171021,73.433,能走车,,
EZG10161022,EZG10171022,74.013,能走车,,
EZG10161023,EZG10171022,74.094,能走车,,
EZG10171009,EZG10171010,87.922,不能走车,,
EZG10171010,EZG10171011,86.446,不能走车,,
EZG10171010,EZG10181011,86.13,不能走车,,
EZG10171011,EZG10171012,86.449,不能走车,,
EZG10171011,EZG10181011,84.531,不能走车,,
EZG10171011,EZG10181012,84.848,不能走车,,
EZG10171012,EZG10171013,86.452,不能走车,,
EZG10171012,EZG10181012,84.515,不能走车,,
EZG10171012,EZG10181013,84.861,不能走车,,
EZG10171013,EZG10171014,75.3,能走车,,
EZG10171013,EZG10181013,84.498,不能走车,,
EZG10171013,EZG10181014,73.923,能走车,,
EZG10171014,EZG10171015,75.304,能走车,,
EZG10171014,EZG10181014,73.581,能走车,,
EZG10171014,EZG10181015,73.934,能走车,,
EZG10171015,EZG10171016,75.307,能走车,,
EZG10171015,EZG10181015,73.566,能走车,,
EZG10171015,EZG10181016,73.945,能走车,,
EZG10171016,EZG10171017,75.31,能走车,,
EZG10171016,EZG10181016,73.551,能走车,,
EZG10171016,EZG10181017,73.957,能走车,,
EZG10171017,EZG10171018,75.314,能走车,,
EZG10171017,EZG10181017,73.536,能走车,,
EZG10171017,EZG10181018,73.969,能走车,,
EZG10171018,EZG10171019,75.318,能走车,,
EZG10171018,EZG10181018,73.521,能走车,,
EZG10171018,EZG10181019,73.981,能走车,,
EZG10171019,EZG10171020,75.321,能走车,,
EZG10171019,EZG10181019,73.505,能走车,,
EZG10171019,EZG10181020,73.993,能走车,,
EZG10171020,EZG10171021,75.325,能走车,,
EZG10171020,EZG10181020,73.489,能走车,,
EZG10171020,EZG10181021,74.005,能走车,,
EZG10171021,EZG10171022,75.329,能走车,,
EZG10171021,EZG10181021,73.473,能走车,,
EZG10171021,EZG10181022,74.018,能走车,,
EZG10171022,EZG10181022,73.711,能走车,,
EZG10181011,EZG10181012,86.803,不能走车,,
EZG10181012,EZG10181013,86.385,不能走车,,
EZG10181012,EZG10191012,85.116,不能走车,,
EZG10181013,EZG10181014,86.389,不能走车,,
EZG10181013,EZG10191012,84.548,不能走车,,
EZG10181013,EZG10191013,84.89,不能走车,,
EZG10181014,EZG10181015,75.246,能走车,,
EZG10181014,EZG10191013,73.624,能走车,,
EZG10181014,EZG10191014,73.947,能走车,,
EZG10181015,EZG10181016,75.25,能走车,,
EZG10181015,EZG10191014,73.61,能走车,,
EZG10181015,EZG10191015,73.957,能走车,,
EZG10181016,EZG10181017,75.255,能走车,,
EZG10181016,EZG10191015,73.595,能走车,,
EZG10181016,EZG10191016,73.968,能走车,,
EZG10181017,EZG10181018,75.259,能走车,,
EZG10181017,EZG10191016,73.58,能走车,,
EZG10181017,EZG10191017,73.979,能走车,,
EZG10181018,EZG10181019,75.263,能走车,,
EZG10181018,EZG10191017,73.565,能走车,,
EZG10181018,EZG10191018,73.99,能走车,,
EZG10181019,EZG10181020,75.268,能走车,,
EZG10181019,EZG10191018,73.549,能走车,,
EZG10181019,EZG10191019,74.001,能走车,,
EZG10181020,EZG10181021,75.273,能走车,,
EZG10181020,EZG10191019,73.533,能走车,,
EZG10181020,EZG10191020,74.012,能走车,,
EZG10181021,EZG10181022,75.277,能走车,,
EZG10181021,EZG10191020,73.517,能走车,,
EZG10181021,EZG10191021,74.024,能走车,,
EZG10181022,EZG10191021,73.535,能走车,,
EZG10191012,EZG10191013,86.319,不能走车,,
EZG10191013,EZG10191014,75.211,能走车,,
EZG10191014,EZG10191015,75.696,能走车,,
EZG10191015,EZG10191016,75.649,能走车,,
EZG10191016,EZG10191017,75.604,能走车,,
EZG10191017,EZG10191018,75.563,能走车,,
EZG10191018,EZG10191019,75.524,能走车,,
EZG10191019,EZG10191020,75.489,能走车,,
EZG10191020,EZG10191021,75.456,能走车,,
